Model,Month,Sales,Year,Date
Chevrolet Volt,JAN,603,2012,2012-01-01
Toyota Prius PHV,JAN,0,2012,2012-01-01
Nissan LEAF,JAN,676,2012,2012-01-01
Tesla Model S,JAN,0,2012,2012-01-01
Ford C-Max Energi,JAN,0,2012,2012-01-01
Ford Focus Electric,JAN,2,2012,2012-01-01
Mitsubishi i-MiEV,JAN,36,2012,2012-01-01
Toyota RAV4 EV,JAN,0,2012,2012-01-01
Honda fit EV,JAN,0,2012,2012-01-01
Chevrolet Volt,FEB,1023,2012,2012-02-01
Toyota Prius PHV,FEB,21,2012,2012-02-01
Nissan LEAF,FEB,478,2012,2012-02-01
Tesla Model S,FEB,0,2012,2012-02-01
Ford C-Max Energi,FEB,0,2012,2012-02-01
Ford Focus Electric,FEB,0,2012,2012-02-01
Mitsubishi i-MiEV,FEB,44,2012,2012-02-01
Toyota RAV4 EV,FEB,0,2012,2012-02-01
Honda fit EV,FEB,0,2012,2012-02-01
Chevrolet Volt,MAR,2289,2012,2012-03-01
Toyota Prius PHV,MAR,891,2012,2012-03-01
Nissan LEAF,MAR,579,2012,2012-03-01
Tesla Model S,MAR,0,2012,2012-03-01
Ford C-Max Energi,MAR,0,2012,2012-03-01
Ford Focus Electric,MAR,0,2012,2012-03-01
Mitsubishi i-MiEV,MAR,56,2012,2012-03-01
Toyota RAV4 EV,MAR,0,2012,2012-03-01
Honda fit EV,MAR,0,2012,2012-03-01
Chevrolet Volt,APR,1462,2012,2012-04-01
Toyota Prius PHV,APR,1654,2012,2012-04-01
Nissan LEAF,APR,370,2012,2012-04-01
Tesla Model S,APR,0,2012,2012-04-01
Ford C-Max Energi,APR,0,2012,2012-04-01
Ford Focus Electric,APR,0,2012,2012-04-01
Mitsubishi i-MiEV,APR,79,2012,2012-04-01
Toyota RAV4 EV,APR,0,2012,2012-04-01
Honda fit EV,APR,0,2012,2012-04-01
Chevrolet Volt,MAY,1680,2012,2012-05-01
Toyota Prius PHV,MAY,1086,2012,2012-05-01
Nissan LEAF,MAY,510,2012,2012-05-01
Tesla Model S,MAY,0,2012,2012-05-01
Ford C-Max Energi,MAY,0,2012,2012-05-01
Ford Focus Electric,MAY,6,2012,2012-05-01
Mitsubishi i-MiEV,MAY,85,2012,2012-05-01
Toyota RAV4 EV,MAY,0,2012,2012-05-01
Honda fit EV,MAY,0,2012,2012-05-01
Chevrolet Volt,JUN,1760,2012,2012-06-01
Toyota Prius PHV,JUN,695,2012,2012-06-01
Nissan LEAF,JUN,535,2012,2012-06-01
Tesla Model S,JUN,12,2012,2012-06-01
Ford C-Max Energi,JUN,0,2012,2012-06-01
Ford Focus Electric,JUN,89,2012,2012-06-01
Mitsubishi i-MiEV,JUN,33,2012,2012-06-01
Toyota RAV4 EV,JUN,0,2012,2012-06-01
Honda fit EV,JUN,0,2012,2012-06-01
Chevrolet Volt,JUL,1849,2012,2012-07-01
Toyota Prius PHV,JUL,688,2012,2012-07-01
Nissan LEAF,JUL,395,2012,2012-07-01
Tesla Model S,JUL,19,2012,2012-07-01
Ford C-Max Energi,JUL,0,2012,2012-07-01
Ford Focus Electric,JUL,38,2012,2012-07-01
Mitsubishi i-MiEV,JUL,33,2012,2012-07-01
Toyota RAV4 EV,JUL,0,2012,2012-07-01
Honda fit EV,JUL,7,2012,2012-07-01
Chevrolet Volt,AUG,2831,2012,2012-08-01
Toyota Prius PHV,AUG,1047,2012,2012-08-01
Nissan LEAF,AUG,685,2012,2012-08-01
Tesla Model S,AUG,43,2012,2012-08-01
Ford C-Max Energi,AUG,0,2012,2012-08-01
Ford Focus Electric,AUG,34,2012,2012-08-01
Mitsubishi i-MiEV,AUG,37,2012,2012-08-01
Toyota RAV4 EV,AUG,0,2012,2012-08-01
Honda fit EV,AUG,9,2012,2012-08-01
Chevrolet Volt,SEP,2851,2012,2012-09-01
Toyota Prius PHV,SEP,1652,2012,2012-09-01
Nissan LEAF,SEP,984,2012,2012-09-01
Tesla Model S,SEP,86,2012,2012-09-01
Ford C-Max Energi,SEP,0,2012,2012-09-01
Ford Focus Electric,SEP,59,2012,2012-09-01
Mitsubishi i-MiEV,SEP,36,2012,2012-09-01
Toyota RAV4 EV,SEP,61,2012,2012-09-01
Honda fit EV,SEP,16,2012,2012-09-01
Chevrolet Volt,OCT,2961,2012,2012-10-01
Toyota Prius PHV,OCT,1889,2012,2012-10-01
Nissan LEAF,OCT,1579,2012,2012-10-01
Tesla Model S,OCT,300,2012,2012-10-01
Ford C-Max Energi,OCT,144,2012,2012-10-01
Ford Focus Electric,OCT,118,2012,2012-10-01
Mitsubishi i-MiEV,OCT,30,2012,2012-10-01
Toyota RAV4 EV,OCT,47,2012,2012-10-01
Honda fit EV,OCT,16,2012,2012-10-01
Chevrolet Volt,NOV,1519,2012,2012-11-01
Toyota Prius PHV,NOV,1766,2012,2012-11-01
Nissan LEAF,NOV,539,2012,2012-11-01
Tesla Model S,NOV,400,2012,2012-11-01
Ford C-Max Energi,NOV,1259,2012,2012-11-01
Ford Focus Electric,NOV,172,2012,2012-11-01
Mitsubishi i-MiEV,NOV,42,2012,2012-11-01
Toyota RAV4 EV,NOV,32,2012,2012-11-01
Honda fit EV,NOV,26,2012,2012-11-01
Chevrolet Volt,DEC,2633,2012,2012-12-01
Toyota Prius PHV,DEC,1361,2012,2012-12-01
Nissan LEAF,DEC,1489,2012,2012-12-01
Tesla Model S,DEC,1790,2012,2012-12-01
Ford C-Max Energi,DEC,971,2012,2012-12-01
Ford Focus Electric,DEC,162,2012,2012-12-01
Mitsubishi i-MiEV,DEC,77,2012,2012-12-01
Toyota RAV4 EV,DEC,52,2012,2012-12-01
Honda fit EV,DEC,19,2012,2012-12-01
Chevrolet Volt,JAN,1140,2013,2013-01-01
Nissan LEAF,JAN,650,2013,2013-01-01
Tesla Model S,JAN,1200,2013,2013-01-01
Toyota Prius PHV,JAN,874,2013,2013-01-01
Ford C-Max Energi,JAN,338,2013,2013-01-01
Ford Fusion Energi,JAN,0,2013,2013-01-01
Fiat 500e,JAN,0,2013,2013-01-01
Ford Focus Electric,JAN,81,2013,2013-01-01
Toyota RAV4 EV,JAN,25,2013,2013-01-01
Mitsubishi i-MiEV,JAN,257,2013,2013-01-01
smart ED,JAN,2,2013,2013-01-01
Honda Fit EV,JAN,8,2013,2013-01-01
Chevrolet Spark EV,JAN,0,2013,2013-01-01
Honda Accord PHV,JAN,2,2013,2013-01-01
Porsche Panamera S-E,JAN,0,2013,2013-01-01
Cadillac ELR,JAN,0,2013,2013-01-01
Chevrolet Volt,FEB,1626,2013,2013-02-01
Nissan LEAF,FEB,653,2013,2013-02-01
Tesla Model S,FEB,1400,2013,2013-02-01
Toyota Prius PHV,FEB,693,2013,2013-02-01
Ford C-Max Energi,FEB,334,2013,2013-02-01
Ford Fusion Energi,FEB,119,2013,2013-02-01
Fiat 500e,FEB,0,2013,2013-02-01
Ford Focus Electric,FEB,158,2013,2013-02-01
Toyota RAV4 EV,FEB,52,2013,2013-02-01
Mitsubishi i-MiEV,FEB,337,2013,2013-02-01
smart ED,FEB,0,2013,2013-02-01
Honda Fit EV,FEB,15,2013,2013-02-01
Chevrolet Spark EV,FEB,0,2013,2013-02-01
Honda Accord PHV,FEB,17,2013,2013-02-01
Porsche Panamera S-E,FEB,0,2013,2013-02-01
Cadillac ELR,FEB,0,2013,2013-02-01
Chevrolet Volt,MAR,1478,2013,2013-03-01
Nissan LEAF,MAR,2236,2013,2013-03-01
Tesla Model S,MAR,2300,2013,2013-03-01
Toyota Prius PHV,MAR,786,2013,2013-03-01
Ford C-Max Energi,MAR,494,2013,2013-03-01
Ford Fusion Energi,MAR,295,2013,2013-03-01
Fiat 500e,MAR,0,2013,2013-03-01
Ford Focus Electric,MAR,180,2013,2013-03-01
Toyota RAV4 EV,MAR,133,2013,2013-03-01
Mitsubishi i-MiEV,MAR,31,2013,2013-03-01
smart ED,MAR,0,2013,2013-03-01
Honda Fit EV,MAR,23,2013,2013-03-01
Chevrolet Spark EV,MAR,0,2013,2013-03-01
Honda Accord PHV,MAR,26,2013,2013-03-01
Porsche Panamera S-E,MAR,0,2013,2013-03-01
Cadillac ELR,MAR,0,2013,2013-03-01
Chevrolet Volt,APR,1306,2013,2013-04-01
Nissan LEAF,APR,1937,2013,2013-04-01
Tesla Model S,APR,2100,2013,2013-04-01
Toyota Prius PHV,APR,599,2013,2013-04-01
Ford C-Max Energi,APR,411,2013,2013-04-01
Ford Fusion Energi,APR,364,2013,2013-04-01
Fiat 500e,APR,0,2013,2013-04-01
Ford Focus Electric,APR,147,2013,2013-04-01
Toyota RAV4 EV,APR,70,2013,2013-04-01
Mitsubishi i-MiEV,APR,127,2013,2013-04-01
smart ED,APR,0,2013,2013-04-01
Honda Fit EV,APR,22,2013,2013-04-01
Chevrolet Spark EV,APR,0,2013,2013-04-01
Honda Accord PHV,APR,55,2013,2013-04-01
Porsche Panamera S-E,APR,0,2013,2013-04-01
Cadillac ELR,APR,0,2013,2013-04-01
Chevrolet Volt,MAY,1607,2013,2013-05-01
Nissan LEAF,MAY,2138,2013,2013-05-01
Tesla Model S,MAY,1700,2013,2013-05-01
Toyota Prius PHV,MAY,678,2013,2013-05-01
Ford C-Max Energi,MAY,450,2013,2013-05-01
Ford Fusion Energi,MAY,416,2013,2013-05-01
Fiat 500e,MAY,0,2013,2013-05-01
Ford Focus Electric,MAY,157,2013,2013-05-01
Toyota RAV4 EV,MAY,84,2013,2013-05-01
Mitsubishi i-MiEV,MAY,91,2013,2013-05-01
smart ED,MAY,60,2013,2013-05-01
Honda Fit EV,MAY,15,2013,2013-05-01
Chevrolet Spark EV,MAY,0,2013,2013-05-01
Honda Accord PHV,MAY,58,2013,2013-05-01
Porsche Panamera S-E,MAY,0,2013,2013-05-01
Cadillac ELR,MAY,0,2013,2013-05-01
Chevrolet Volt,JUN,2698,2013,2013-06-01
Nissan LEAF,JUN,2225,2013,2013-06-01
Tesla Model S,JUN,1350,2013,2013-06-01
Toyota Prius PHV,JUN,584,2013,2013-06-01
Ford C-Max Energi,JUN,455,2013,2013-06-01
Ford Fusion Energi,JUN,390,2013,2013-06-01
Fiat 500e,JUN,0,2013,2013-06-01
Ford Focus Electric,JUN,177,2013,2013-06-01
Toyota RAV4 EV,JUN,44,2013,2013-06-01
Mitsubishi i-MiEV,JUN,39,2013,2013-06-01
smart ED,JUN,53,2013,2013-06-01
Honda Fit EV,JUN,208,2013,2013-06-01
Chevrolet Spark EV,JUN,27,2013,2013-06-01
Honda Accord PHV,JUN,42,2013,2013-06-01
Porsche Panamera S-E,JUN,0,2013,2013-06-01
Cadillac ELR,JUN,0,2013,2013-06-01
Chevrolet Volt,JUL,1788,2013,2013-07-01
Nissan LEAF,JUL,1864,2013,2013-07-01
Tesla Model S,JUL,1300,2013,2013-07-01
Toyota Prius PHV,JUL,817,2013,2013-07-01
Ford C-Max Energi,JUL,433,2013,2013-07-01
Ford Fusion Energi,JUL,407,2013,2013-07-01
Fiat 500e,JUL,200,2013,2013-07-01
Ford Focus Electric,JUL,150,2013,2013-07-01
Toyota RAV4 EV,JUL,109,2013,2013-07-01
Mitsubishi i-MiEV,JUL,46,2013,2013-07-01
smart ED,JUL,58,2013,2013-07-01
Honda Fit EV,JUL,63,2013,2013-07-01
Chevrolet Spark EV,JUL,103,2013,2013-07-01
Honda Accord PHV,JUL,54,2013,2013-07-01
Porsche Panamera S-E,JUL,0,2013,2013-07-01
Cadillac ELR,JUL,0,2013,2013-07-01
Chevrolet Volt,AUG,3351,2013,2013-08-01
Nissan LEAF,AUG,2420,2013,2013-08-01
Tesla Model S,AUG,1300,2013,2013-08-01
Toyota Prius PHV,AUG,1791,2013,2013-08-01
Ford C-Max Energi,AUG,621,2013,2013-08-01
Ford Fusion Energi,AUG,600,2013,2013-08-01
Fiat 500e,AUG,360,2013,2013-08-01
Ford Focus Electric,AUG,175,2013,2013-08-01
Toyota RAV4 EV,AUG,231,2013,2013-08-01
Mitsubishi i-MiEV,AUG,30,2013,2013-08-01
smart ED,AUG,182,2013,2013-08-01
Honda Fit EV,AUG,66,2013,2013-08-01
Chevrolet Spark EV,AUG,102,2013,2013-08-01
Honda Accord PHV,AUG,44,2013,2013-08-01
Porsche Panamera S-E,AUG,0,2013,2013-08-01
Cadillac ELR,AUG,0,2013,2013-08-01
Chevrolet Volt,SEP,1766,2013,2013-09-01
Nissan LEAF,SEP,1953,2013,2013-09-01
Tesla Model S,SEP,1500,2013,2013-09-01
Toyota Prius PHV,SEP,1152,2013,2013-09-01
Ford C-Max Energi,SEP,758,2013,2013-09-01
Ford Fusion Energi,SEP,750,2013,2013-09-01
Fiat 500e,SEP,450,2013,2013-09-01
Ford Focus Electric,SEP,110,2013,2013-09-01
Toyota RAV4 EV,SEP,167,2013,2013-09-01
Mitsubishi i-MiEV,SEP,20,2013,2013-09-01
smart ED,SEP,137,2013,2013-09-01
Honda Fit EV,SEP,35,2013,2013-09-01
Chevrolet Spark EV,SEP,78,2013,2013-09-01
Honda Accord PHV,SEP,51,2013,2013-09-01
Porsche Panamera S-E,SEP,0,2013,2013-09-01
Cadillac ELR,SEP,0,2013,2013-09-01
Chevrolet Volt,OCT,2022,2013,2013-10-01
Nissan LEAF,OCT,2002,2013,2013-10-01
Tesla Model S,OCT,800,2013,2013-10-01
Toyota Prius PHV,OCT,2095,2013,2013-10-01
Ford C-Max Energi,OCT,1092,2013,2013-10-01
Ford Fusion Energi,OCT,1087,2013,2013-10-01
Fiat 500e,OCT,400,2013,2013-10-01
Ford Focus Electric,OCT,115,2013,2013-10-01
Toyota RAV4 EV,OCT,91,2013,2013-10-01
Mitsubishi i-MiEV,OCT,28,2013,2013-10-01
smart ED,OCT,111,2013,2013-10-01
Honda Fit EV,OCT,40,2013,2013-10-01
Chevrolet Spark EV,OCT,66,2013,2013-10-01
Honda Accord PHV,OCT,71,2013,2013-10-01
Porsche Panamera S-E,OCT,35,2013,2013-10-01
Cadillac ELR,OCT,0,2013,2013-10-01
Chevrolet Volt,NOV,1920,2013,2013-11-01
Nissan LEAF,NOV,2003,2013,2013-11-01
Tesla Model S,NOV,1200,2013,2013-11-01
Toyota Prius PHV,NOV,1100,2013,2013-11-01
Ford C-Max Energi,NOV,941,2013,2013-11-01
Ford Fusion Energi,NOV,870,2013,2013-11-01
Fiat 500e,NOV,430,2013,2013-11-01
Ford Focus Electric,NOV,130,2013,2013-11-01
Toyota RAV4 EV,NOV,62,2013,2013-11-01
Mitsubishi i-MiEV,NOV,12,2013,2013-11-01
smart ED,NOV,153,2013,2013-11-01
Honda Fit EV,NOV,23,2013,2013-11-01
Chevrolet Spark EV,NOV,87,2013,2013-11-01
Honda Accord PHV,NOV,68,2013,2013-11-01
Porsche Panamera S-E,NOV,4,2013,2013-11-01
Cadillac ELR,NOV,0,2013,2013-11-01
Chevrolet Volt,DEC,2392,2013,2013-12-01
Nissan LEAF,DEC,2529,2013,2013-12-01
Tesla Model S,DEC,1500,2013,2013-12-01
Toyota Prius PHV,DEC,919,2013,2013-12-01
Ford C-Max Energi,DEC,827,2013,2013-12-01
Ford Fusion Energi,DEC,791,2013,2013-12-01
Fiat 500e,DEC,470,2013,2013-12-01
Ford Focus Electric,DEC,158,2013,2013-12-01
Toyota RAV4 EV,DEC,28,2013,2013-12-01
Mitsubishi i-MiEV,DEC,11,2013,2013-12-01
smart ED,DEC,167,2013,2013-12-01
Honda Fit EV,DEC,51,2013,2013-12-01
Chevrolet Spark EV,DEC,76,2013,2013-12-01
Honda Accord PHV,DEC,38,2013,2013-12-01
Porsche Panamera S-E,DEC,47,2013,2013-12-01
Cadillac ELR,DEC,6,2013,2013-12-01
Nissan LEAF,JAN,1252,2014,2014-01-01
Chevrolet Volt,JAN,918,2014,2014-01-01
Tesla Model S,JAN,800,2014,2014-01-01
Toyota Prius PHV,JAN,803,2014,2014-01-01
Ford Fusion Energi,JAN,533,2014,2014-01-01
Ford C-Max Energi,JAN,471,2014,2014-01-01
BMW i3,JAN,0,2014,2014-01-01
Fiat 500e,JAN,310,2014,2014-01-01
smart ED,JAN,97,2014,2014-01-01
Ford Focus Electric,JAN,100,2014,2014-01-01
Cadillac ELR,JAN,41,2014,2014-01-01
Toyota RAV4 EV,JAN,63,2014,2014-01-01
Chevrolet Spark EV,JAN,93,2014,2014-01-01
Porsche Panamera S-E,JAN,141,2014,2014-01-01
Mercedes B-Class ED,JAN,0,2014,2014-01-01
BMW i8,JAN,0,2014,2014-01-01
Honda Accord PHV,JAN,27,2014,2014-01-01
Honda Fit EV,JAN,30,2014,2014-01-01
Kia Soul EV,JAN,0,2014,2014-01-01
VW e-Golf,JAN,0,2014,2014-01-01
Mitsubishi i-MiEV,JAN,1,2014,2014-01-01
Porsche Cayenne S-E,JAN,0,2014,2014-01-01
Nissan LEAF,FEB,1425,2014,2014-02-01
Chevrolet Volt,FEB,1210,2014,2014-02-01
Tesla Model S,FEB,1089,2014,2014-02-01
Toyota Prius PHV,FEB,1041,2014,2014-02-01
Ford Fusion Energi,FEB,779,2014,2014-02-01
Ford C-Max Energi,FEB,552,2014,2014-02-01
BMW i3,FEB,0,2014,2014-02-01
Fiat 500e,FEB,336,2014,2014-02-01
smart ED,FEB,122,2014,2014-02-01
Ford Focus Electric,FEB,129,2014,2014-02-01
Cadillac ELR,FEB,58,2014,2014-02-01
Toyota RAV4 EV,FEB,101,2014,2014-02-01
Chevrolet Spark EV,FEB,71,2014,2014-02-01
Porsche Panamera S-E,FEB,57,2014,2014-02-01
Mercedes B-Class ED,FEB,0,2014,2014-02-01
BMW i8,FEB,0,2014,2014-02-01
Honda Accord PHV,FEB,24,2014,2014-02-01
Honda Fit EV,FEB,33,2014,2014-02-01
Kia Soul EV,FEB,0,2014,2014-02-01
VW e-Golf,FEB,0,2014,2014-02-01
Mitsubishi i-MiEV,FEB,3,2014,2014-02-01
Porsche Cayenne S-E,FEB,0,2014,2014-02-01
Nissan LEAF,MAR,2507,2014,2014-03-01
Chevrolet Volt,MAR,1478,2014,2014-03-01
Tesla Model S,MAR,1300,2014,2014-03-01
Toyota Prius PHV,MAR,1452,2014,2014-03-01
Ford Fusion Energi,MAR,899,2014,2014-03-01
Ford C-Max Energi,MAR,610,2014,2014-03-01
BMW i3,MAR,0,2014,2014-03-01
Fiat 500e,MAR,644,2014,2014-03-01
smart ED,MAR,186,2014,2014-03-01
Ford Focus Electric,MAR,177,2014,2014-03-01
Cadillac ELR,MAR,81,2014,2014-03-01
Toyota RAV4 EV,MAR,73,2014,2014-03-01
Chevrolet Spark EV,MAR,108,2014,2014-03-01
Porsche Panamera S-E,MAR,56,2014,2014-03-01
Mercedes B-Class ED,MAR,0,2014,2014-03-01
BMW i8,MAR,0,2014,2014-03-01
Honda Accord PHV,MAR,18,2014,2014-03-01
Honda Fit EV,MAR,37,2014,2014-03-01
Kia Soul EV,MAR,0,2014,2014-03-01
VW e-Golf,MAR,0,2014,2014-03-01
Mitsubishi i-MiEV,MAR,24,2014,2014-03-01
Porsche Cayenne S-E,MAR,0,2014,2014-03-01
Nissan LEAF,APR,2088,2014,2014-04-01
Chevrolet Volt,APR,1548,2014,2014-04-01
Tesla Model S,APR,1100,2014,2014-04-01
Toyota Prius PHV,APR,1741,2014,2014-04-01
Ford Fusion Energi,APR,743,2014,2014-04-01
Ford C-Max Energi,APR,525,2014,2014-04-01
BMW i3,APR,0,2014,2014-04-01
Fiat 500e,APR,442,2014,2014-04-01
smart ED,APR,203,2014,2014-04-01
Ford Focus Electric,APR,116,2014,2014-04-01
Cadillac ELR,APR,61,2014,2014-04-01
Toyota RAV4 EV,APR,69,2014,2014-04-01
Chevrolet Spark EV,APR,97,2014,2014-04-01
Porsche Panamera S-E,APR,63,2014,2014-04-01
Mercedes B-Class ED,APR,0,2014,2014-04-01
BMW i8,APR,0,2014,2014-04-01
Honda Accord PHV,APR,37,2014,2014-04-01
Honda Fit EV,APR,50,2014,2014-04-01
Kia Soul EV,APR,0,2014,2014-04-01
VW e-Golf,APR,0,2014,2014-04-01
Mitsubishi i-MiEV,APR,12,2014,2014-04-01
Porsche Cayenne S-E,APR,0,2014,2014-04-01
Nissan LEAF,MAY,3117,2014,2014-05-01
Chevrolet Volt,MAY,1684,2014,2014-05-01
Tesla Model S,MAY,1000,2014,2014-05-01
Toyota Prius PHV,MAY,2692,2014,2014-05-01
Ford Fusion Energi,MAY,1342,2014,2014-05-01
Ford C-Max Energi,MAY,782,2014,2014-05-01
BMW i3,MAY,336,2014,2014-05-01
Fiat 500e,MAY,476,2014,2014-05-01
smart ED,MAY,206,2014,2014-05-01
Ford Focus Electric,MAY,177,2014,2014-05-01
Cadillac ELR,MAY,52,2014,2014-05-01
Toyota RAV4 EV,MAY,149,2014,2014-05-01
Chevrolet Spark EV,MAY,182,2014,2014-05-01
Porsche Panamera S-E,MAY,53,2014,2014-05-01
Mercedes B-Class ED,MAY,0,2014,2014-05-01
BMW i8,MAY,0,2014,2014-05-01
Honda Accord PHV,MAY,46,2014,2014-05-01
Honda Fit EV,MAY,33,2014,2014-05-01
Kia Soul EV,MAY,0,2014,2014-05-01
VW e-Golf,MAY,0,2014,2014-05-01
Mitsubishi i-MiEV,MAY,35,2014,2014-05-01
Porsche Cayenne S-E,MAY,0,2014,2014-05-01
Nissan LEAF,JUN,2347,2014,2014-06-01
Chevrolet Volt,JUN,1777,2014,2014-06-01
Tesla Model S,JUN,1500,2014,2014-06-01
Toyota Prius PHV,JUN,1571,2014,2014-06-01
Ford Fusion Energi,JUN,1939,2014,2014-06-01
Ford C-Max Energi,JUN,988,2014,2014-06-01
BMW i3,JUN,358,2014,2014-06-01
Fiat 500e,JUN,636,2014,2014-06-01
smart ED,JUN,278,2014,2014-06-01
Ford Focus Electric,JUN,197,2014,2014-06-01
Cadillac ELR,JUN,97,2014,2014-06-01
Toyota RAV4 EV,JUN,91,2014,2014-06-01
Chevrolet Spark EV,JUN,85,2014,2014-06-01
Porsche Panamera S-E,JUN,111,2014,2014-06-01
Mercedes B-Class ED,JUN,0,2014,2014-06-01
BMW i8,JUN,0,2014,2014-06-01
Honda Accord PHV,JUN,28,2014,2014-06-01
Honda Fit EV,JUN,38,2014,2014-06-01
Kia Soul EV,JUN,0,2014,2014-06-01
VW e-Golf,JUN,0,2014,2014-06-01
Mitsubishi i-MiEV,JUN,22,2014,2014-06-01
Porsche Cayenne S-E,JUN,0,2014,2014-06-01
Nissan LEAF,JUL,3019,2014,2014-07-01
Chevrolet Volt,JUL,2020,2014,2014-07-01
Tesla Model S,JUL,800,2014,2014-07-01
Toyota Prius PHV,JUL,1371,2014,2014-07-01
Ford Fusion Energi,JUL,1226,2014,2014-07-01
Ford C-Max Energi,JUL,831,2014,2014-07-01
BMW i3,JUL,363,2014,2014-07-01
Fiat 500e,JUL,528,2014,2014-07-01
smart ED,JUL,298,2014,2014-07-01
Ford Focus Electric,JUL,198,2014,2014-07-01
Cadillac ELR,JUL,188,2014,2014-07-01
Toyota RAV4 EV,JUL,68,2014,2014-07-01
Chevrolet Spark EV,JUL,128,2014,2014-07-01
Porsche Panamera S-E,JUL,63,2014,2014-07-01
Mercedes B-Class ED,JUL,41,2014,2014-07-01
BMW i8,JUL,0,2014,2014-07-01
Honda Accord PHV,JUL,41,2014,2014-07-01
Honda Fit EV,JUL,42,2014,2014-07-01
Kia Soul EV,JUL,0,2014,2014-07-01
VW e-Golf,JUL,0,2014,2014-07-01
Mitsubishi i-MiEV,JUL,17,2014,2014-07-01
Porsche Cayenne S-E,JUL,0,2014,2014-07-01
Nissan LEAF,AUG,3186,2014,2014-08-01
Chevrolet Volt,AUG,2511,2014,2014-08-01
Tesla Model S,AUG,600,2014,2014-08-01
Toyota Prius PHV,AUG,818,2014,2014-08-01
Ford Fusion Energi,AUG,1222,2014,2014-08-01
Ford C-Max Energi,AUG,1050,2014,2014-08-01
BMW i3,AUG,1025,2014,2014-08-01
Fiat 500e,AUG,535,2014,2014-08-01
smart ED,AUG,208,2014,2014-08-01
Ford Focus Electric,AUG,264,2014,2014-08-01
Cadillac ELR,AUG,196,2014,2014-08-01
Toyota RAV4 EV,AUG,228,2014,2014-08-01
Chevrolet Spark EV,AUG,80,2014,2014-08-01
Porsche Panamera S-E,AUG,68,2014,2014-08-01
Mercedes B-Class ED,AUG,51,2014,2014-08-01
BMW i8,AUG,9,2014,2014-08-01
Honda Accord PHV,AUG,46,2014,2014-08-01
Honda Fit EV,AUG,55,2014,2014-08-01
Kia Soul EV,AUG,0,2014,2014-08-01
VW e-Golf,AUG,0,2014,2014-08-01
Mitsubishi i-MiEV,AUG,20,2014,2014-08-01
Porsche Cayenne S-E,AUG,0,2014,2014-08-01
Nissan LEAF,SEP,2881,2014,2014-09-01
Chevrolet Volt,SEP,1394,2014,2014-09-01
Tesla Model S,SEP,2500,2014,2014-09-01
Toyota Prius PHV,SEP,353,2014,2014-09-01
Ford Fusion Energi,SEP,640,2014,2014-09-01
Ford C-Max Energi,SEP,677,2014,2014-09-01
BMW i3,SEP,1022,2014,2014-09-01
Fiat 500e,SEP,518,2014,2014-09-01
smart ED,SEP,182,2014,2014-09-01
Ford Focus Electric,SEP,176,2014,2014-09-01
Cadillac ELR,SEP,111,2014,2014-09-01
Toyota RAV4 EV,SEP,125,2014,2014-09-01
Chevrolet Spark EV,SEP,51,2014,2014-09-01
Porsche Panamera S-E,SEP,82,2014,2014-09-01
Mercedes B-Class ED,SEP,65,2014,2014-09-01
BMW i8,SEP,58,2014,2014-09-01
Honda Accord PHV,SEP,42,2014,2014-09-01
Honda Fit EV,SEP,29,2014,2014-09-01
Kia Soul EV,SEP,0,2014,2014-09-01
VW e-Golf,SEP,0,2014,2014-09-01
Mitsubishi i-MiEV,SEP,15,2014,2014-09-01
Porsche Cayenne S-E,SEP,0,2014,2014-09-01
Nissan LEAF,OCT,2589,2014,2014-10-01
Chevrolet Volt,OCT,1439,2014,2014-10-01
Tesla Model S,OCT,1300,2014,2014-10-01
Toyota Prius PHV,OCT,479,2014,2014-10-01
Ford Fusion Energi,OCT,686,2014,2014-10-01
Ford C-Max Energi,OCT,644,2014,2014-10-01
BMW i3,OCT,1159,2014,2014-10-01
Fiat 500e,OCT,217,2014,2014-10-01
smart ED,OCT,150,2014,2014-10-01
Ford Focus Electric,OCT,186,2014,2014-10-01
Cadillac ELR,OCT,152,2014,2014-10-01
Toyota RAV4 EV,OCT,97,2014,2014-10-01
Chevrolet Spark EV,OCT,58,2014,2014-10-01
Porsche Panamera S-E,OCT,97,2014,2014-10-01
Mercedes B-Class ED,OCT,98,2014,2014-10-01
BMW i8,OCT,204,2014,2014-10-01
Honda Accord PHV,OCT,34,2014,2014-10-01
Honda Fit EV,OCT,23,2014,2014-10-01
Kia Soul EV,OCT,109,2014,2014-10-01
VW e-Golf,OCT,1,2014,2014-10-01
Mitsubishi i-MiEV,OCT,17,2014,2014-10-01
Porsche Cayenne S-E,OCT,0,2014,2014-10-01
Nissan LEAF,NOV,2687,2014,2014-11-01
Chevrolet Volt,NOV,1336,2014,2014-11-01
Tesla Model S,NOV,1200,2014,2014-11-01
Toyota Prius PHV,NOV,451,2014,2014-11-01
Ford Fusion Energi,NOV,752,2014,2014-11-01
Ford C-Max Energi,NOV,644,2014,2014-11-01
BMW i3,NOV,816,2014,2014-11-01
Fiat 500e,NOV,211,2014,2014-11-01
smart ED,NOV,313,2014,2014-11-01
Ford Focus Electric,NOV,191,2014,2014-11-01
Cadillac ELR,NOV,155,2014,2014-11-01
Toyota RAV4 EV,NOV,83,2014,2014-11-01
Chevrolet Spark EV,NOV,61,2014,2014-11-01
Porsche Panamera S-E,NOV,57,2014,2014-11-01
Mercedes B-Class ED,NOV,193,2014,2014-11-01
BMW i8,NOV,126,2014,2014-11-01
Honda Accord PHV,NOV,43,2014,2014-11-01
Honda Fit EV,NOV,5,2014,2014-11-01
Kia Soul EV,NOV,140,2014,2014-11-01
VW e-Golf,NOV,119,2014,2014-11-01
Mitsubishi i-MiEV,NOV,18,2014,2014-11-01
Porsche Cayenne S-E,NOV,45,2014,2014-11-01
Nissan LEAF,DEC,3102,2014,2014-12-01
Chevrolet Volt,DEC,1490,2014,2014-12-01
Tesla Model S,DEC,3500,2014,2014-12-01
Toyota Prius PHV,DEC,492,2014,2014-12-01
Ford Fusion Energi,DEC,789,2014,2014-12-01
Ford C-Max Energi,DEC,659,2014,2014-12-01
BMW i3,DEC,1013,2014,2014-12-01
Fiat 500e,DEC,279,2014,2014-12-01
smart ED,DEC,351,2014,2014-12-01
Ford Focus Electric,DEC,53,2014,2014-12-01
Cadillac ELR,DEC,118,2014,2014-12-01
Toyota RAV4 EV,DEC,37,2014,2014-12-01
Chevrolet Spark EV,DEC,131,2014,2014-12-01
Porsche Panamera S-E,DEC,31,2014,2014-12-01
Mercedes B-Class ED,DEC,326,2014,2014-12-01
BMW i8,DEC,158,2014,2014-12-01
Honda Accord PHV,DEC,63,2014,2014-12-01
Honda Fit EV,DEC,32,2014,2014-12-01
Kia Soul EV,DEC,110,2014,2014-12-01
VW e-Golf,DEC,237,2014,2014-12-01
Mitsubishi i-MiEV,DEC,12,2014,2014-12-01
Porsche Cayenne S-E,DEC,55,2014,2014-12-01
Tesla Model S,JAN,1100,2015,2015-01-01
Nissan LEAF,JAN,1070,2015,2015-01-01
Chevrolet Volt,JAN,542,2015,2015-01-01
BMW i3,JAN,670,2015,2015-01-01
Ford Fusion Energi,JAN,426,2015,2015-01-01
Ford C-Max Energi,JAN,395,2015,2015-01-01
Fiat 500e,JAN,259,2015,2015-01-01
VW e-Golf,JAN,181,2015,2015-01-01
Toyota Prius PHV,JAN,401,2015,2015-01-01
Chevrolet Spark EV,JAN,86,2015,2015-01-01
BMW i8,JAN,85,2015,2015-01-01
Mercedes B-Class ED,JAN,240,2015,2015-01-01
Ford Focus Electric,JAN,85,2015,2015-01-01
smart ED,JAN,147,2015,2015-01-01
Porsche Cayenne S-E,JAN,66,2015,2015-01-01
Cadillac ELR,JAN,92,2015,2015-01-01
Kia Soul EV,JAN,69,2015,2015-01-01
BMW X5 xDrive 40e,JAN,0,2015,2015-01-01
Porsche Panamera S-E,JAN,61,2015,2015-01-01
Tesla Model X,JAN,0,2015,2015-01-01
Porsche 918 Spyder,JAN,34,2015,2015-01-01
Hyundai Sonata PHV,JAN,0,2015,2015-01-01
Mercedes S550 PHV,JAN,0,2015,2015-01-01
Mitsubishi i-MiEV,JAN,3,2015,2015-01-01
Volvo XC90,JAN,0,2015,2015-01-01
Honda Accord PHV,JAN,28,2015,2015-01-01
Audi A3 Sprtbk e-tron,JAN,0,2015,2015-01-01
Other,JAN,17,2015,2015-01-01
Tesla Model S,FEB,1150,2015,2015-02-01
Nissan LEAF,FEB,1198,2015,2015-02-01
Chevrolet Volt,FEB,693,2015,2015-02-01
BMW i3,FEB,1089,2015,2015-02-01
Ford Fusion Energi,FEB,603,2015,2015-02-01
Ford C-Max Energi,FEB,498,2015,2015-02-01
Fiat 500e,FEB,315,2015,2015-02-01
VW e-Golf,FEB,130,2015,2015-02-01
Toyota Prius PHV,FEB,397,2015,2015-02-01
Chevrolet Spark EV,FEB,119,2015,2015-02-01
BMW i8,FEB,113,2015,2015-02-01
Mercedes B-Class ED,FEB,109,2015,2015-02-01
Ford Focus Electric,FEB,145,2015,2015-02-01
smart ED,FEB,76,2015,2015-02-01
Porsche Cayenne S-E,FEB,71,2015,2015-02-01
Cadillac ELR,FEB,127,2015,2015-02-01
Kia Soul EV,FEB,48,2015,2015-02-01
BMW X5 xDrive 40e,FEB,0,2015,2015-02-01
Porsche Panamera S-E,FEB,40,2015,2015-02-01
Tesla Model X,FEB,0,2015,2015-02-01
Porsche 918 Spyder,FEB,14,2015,2015-02-01
Hyundai Sonata PHV,FEB,0,2015,2015-02-01
Mercedes S550 PHV,FEB,0,2015,2015-02-01
Mitsubishi i-MiEV,FEB,2,2015,2015-02-01
Volvo XC90,FEB,0,2015,2015-02-01
Honda Accord PHV,FEB,12,2015,2015-02-01
Audi A3 Sprtbk e-tron,FEB,0,2015,2015-02-01
Other,FEB,2,2015,2015-02-01
Tesla Model S,MAR,2450,2015,2015-03-01
Nissan LEAF,MAR,1817,2015,2015-03-01
Chevrolet Volt,MAR,639,2015,2015-03-01
BMW i3,MAR,922,2015,2015-03-01
Ford Fusion Energi,MAR,837,2015,2015-03-01
Ford C-Max Energi,MAR,715,2015,2015-03-01
Fiat 500e,MAR,1310,2015,2015-03-01
VW e-Golf,MAR,195,2015,2015-03-01
Toyota Prius PHV,MAR,473,2015,2015-03-01
Chevrolet Spark EV,MAR,151,2015,2015-03-01
BMW i8,MAR,143,2015,2015-03-01
Mercedes B-Class ED,MAR,145,2015,2015-03-01
Ford Focus Electric,MAR,140,2015,2015-03-01
smart ED,MAR,103,2015,2015-03-01
Porsche Cayenne S-E,MAR,72,2015,2015-03-01
Cadillac ELR,MAR,92,2015,2015-03-01
Kia Soul EV,MAR,63,2015,2015-03-01
BMW X5 xDrive 40e,MAR,0,2015,2015-03-01
Porsche Panamera S-E,MAR,44,2015,2015-03-01
Tesla Model X,MAR,0,2015,2015-03-01
Porsche 918 Spyder,MAR,10,2015,2015-03-01
Hyundai Sonata PHV,MAR,0,2015,2015-03-01
Mercedes S550 PHV,MAR,0,2015,2015-03-01
Mitsubishi i-MiEV,MAR,10,2015,2015-03-01
Volvo XC90,MAR,0,2015,2015-03-01
Honda Accord PHV,MAR,5,2015,2015-03-01
Audi A3 Sprtbk e-tron,MAR,0,2015,2015-03-01
Other,MAR,5,2015,2015-03-01
Tesla Model S,APR,1700,2015,2015-04-01
Nissan LEAF,APR,1553,2015,2015-04-01
Chevrolet Volt,APR,905,2015,2015-04-01
BMW i3,APR,406,2015,2015-04-01
Ford Fusion Energi,APR,711,2015,2015-04-01
Ford C-Max Energi,APR,553,2015,2015-04-01
Fiat 500e,APR,717,2015,2015-04-01
VW e-Golf,APR,309,2015,2015-04-01
Toyota Prius PHV,APR,428,2015,2015-04-01
Chevrolet Spark EV,APR,920,2015,2015-04-01
BMW i8,APR,138,2015,2015-04-01
Mercedes B-Class ED,APR,158,2015,2015-04-01
Ford Focus Electric,APR,124,2015,2015-04-01
smart ED,APR,124,2015,2015-04-01
Porsche Cayenne S-E,APR,88,2015,2015-04-01
Cadillac ELR,APR,104,2015,2015-04-01
Kia Soul EV,APR,73,2015,2015-04-01
BMW X5 xDrive 40e,APR,0,2015,2015-04-01
Porsche Panamera S-E,APR,30,2015,2015-04-01
Tesla Model X,APR,0,2015,2015-04-01
Porsche 918 Spyder,APR,28,2015,2015-04-01
Hyundai Sonata PHV,APR,0,2015,2015-04-01
Mercedes S550 PHV,APR,0,2015,2015-04-01
Mitsubishi i-MiEV,APR,16,2015,2015-04-01
Volvo XC90,APR,0,2015,2015-04-01
Honda Accord PHV,APR,5,2015,2015-04-01
Audi A3 Sprtbk e-tron,APR,0,2015,2015-04-01
Other,APR,4,2015,2015-04-01
Tesla Model S,MAY,2400,2015,2015-05-01
Nissan LEAF,MAY,2104,2015,2015-05-01
Chevrolet Volt,MAY,1618,2015,2015-05-01
BMW i3,MAY,818,2015,2015-05-01
Ford Fusion Energi,MAY,986,2015,2015-05-01
Ford C-Max Energi,MAY,715,2015,2015-05-01
Fiat 500e,MAY,420,2015,2015-05-01
VW e-Golf,MAY,410,2015,2015-05-01
Toyota Prius PHV,MAY,727,2015,2015-05-01
Chevrolet Spark EV,MAY,283,2015,2015-05-01
BMW i8,MAY,117,2015,2015-05-01
Mercedes B-Class ED,MAY,278,2015,2015-05-01
Ford Focus Electric,MAY,165,2015,2015-05-01
smart ED,MAY,102,2015,2015-05-01
Porsche Cayenne S-E,MAY,105,2015,2015-05-01
Cadillac ELR,MAY,116,2015,2015-05-01
Kia Soul EV,MAY,108,2015,2015-05-01
BMW X5 xDrive 40e,MAY,0,2015,2015-05-01
Porsche Panamera S-E,MAY,21,2015,2015-05-01
Tesla Model X,MAY,0,2015,2015-05-01
Porsche 918 Spyder,MAY,20,2015,2015-05-01
Hyundai Sonata PHV,MAY,0,2015,2015-05-01
Mercedes S550 PHV,MAY,0,2015,2015-05-01
Mitsubishi i-MiEV,MAY,18,2015,2015-05-01
Volvo XC90,MAY,0,2015,2015-05-01
Honda Accord PHV,MAY,5,2015,2015-05-01
Audi A3 Sprtbk e-tron,MAY,0,2015,2015-05-01
Other,MAY,4,2015,2015-05-01
Tesla Model S,JUN,2800,2015,2015-06-01
Nissan LEAF,JUN,2074,2015,2015-06-01
Chevrolet Volt,JUN,1225,2015,2015-06-01
BMW i3,JUN,551,2015,2015-06-01
Ford Fusion Energi,JUN,727,2015,2015-06-01
Ford C-Max Energi,JUN,667,2015,2015-06-01
Fiat 500e,JUN,363,2015,2015-06-01
VW e-Golf,JUN,293,2015,2015-06-01
Toyota Prius PHV,JUN,464,2015,2015-06-01
Chevrolet Spark EV,JUN,226,2015,2015-06-01
BMW i8,JUN,137,2015,2015-06-01
Mercedes B-Class ED,JUN,242,2015,2015-06-01
Ford Focus Electric,JUN,152,2015,2015-06-01
smart ED,JUN,94,2015,2015-06-01
Porsche Cayenne S-E,JUN,88,2015,2015-06-01
Cadillac ELR,JUN,62,2015,2015-06-01
Kia Soul EV,JUN,109,2015,2015-06-01
BMW X5 xDrive 40e,JUN,0,2015,2015-06-01
Porsche Panamera S-E,JUN,34,2015,2015-06-01
Tesla Model X,JUN,0,2015,2015-06-01
Porsche 918 Spyder,JUN,29,2015,2015-06-01
Hyundai Sonata PHV,JUN,0,2015,2015-06-01
Mercedes S550 PHV,JUN,0,2015,2015-06-01
Mitsubishi i-MiEV,JUN,23,2015,2015-06-01
Volvo XC90,JUN,0,2015,2015-06-01
Honda Accord PHV,JUN,4,2015,2015-06-01
Audi A3 Sprtbk e-tron,JUN,0,2015,2015-06-01
Other,JUN,0,2015,2015-06-01
Tesla Model S,JUL,1600,2015,2015-07-01
Nissan LEAF,JUL,1174,2015,2015-07-01
Chevrolet Volt,JUL,1313,2015,2015-07-01
BMW i3,JUL,935,2015,2015-07-01
Ford Fusion Energi,JUL,852,2015,2015-07-01
Ford C-Max Energi,JUL,693,2015,2015-07-01
Fiat 500e,JUL,485,2015,2015-07-01
VW e-Golf,JUL,313,2015,2015-07-01
Toyota Prius PHV,JUL,584,2015,2015-07-01
Chevrolet Spark EV,JUL,57,2015,2015-07-01
BMW i8,JUL,217,2015,2015-07-01
Mercedes B-Class ED,JUL,196,2015,2015-07-01
Ford Focus Electric,JUL,135,2015,2015-07-01
smart ED,JUL,109,2015,2015-07-01
Porsche Cayenne S-E,JUL,77,2015,2015-07-01
Cadillac ELR,JUL,66,2015,2015-07-01
Kia Soul EV,JUL,59,2015,2015-07-01
BMW X5 xDrive 40e,JUL,0,2015,2015-07-01
Porsche Panamera S-E,JUL,23,2015,2015-07-01
Tesla Model X,JUL,0,2015,2015-07-01
Porsche 918 Spyder,JUL,40,2015,2015-07-01
Hyundai Sonata PHV,JUL,0,2015,2015-07-01
Mercedes S550 PHV,JUL,10,2015,2015-07-01
Mitsubishi i-MiEV,JUL,12,2015,2015-07-01
Volvo XC90,JUL,0,2015,2015-07-01
Honda Accord PHV,JUL,1,2015,2015-07-01
Audi A3 Sprtbk e-tron,JUL,0,2015,2015-07-01
Other,JUL,0,2015,2015-07-01
Tesla Model S,AUG,1300,2015,2015-08-01
Nissan LEAF,AUG,1393,2015,2015-08-01
Chevrolet Volt,AUG,1380,2015,2015-08-01
BMW i3,AUG,792,2015,2015-08-01
Ford Fusion Energi,AUG,949,2015,2015-08-01
Ford C-Max Energi,AUG,723,2015,2015-08-01
Fiat 500e,AUG,610,2015,2015-08-01
VW e-Golf,AUG,381,2015,2015-08-01
Toyota Prius PHV,AUG,344,2015,2015-08-01
Chevrolet Spark EV,AUG,135,2015,2015-08-01
BMW i8,AUG,210,2015,2015-08-01
Mercedes B-Class ED,AUG,172,2015,2015-08-01
Ford Focus Electric,AUG,176,2015,2015-08-01
smart ED,AUG,106,2015,2015-08-01
Porsche Cayenne S-E,AUG,83,2015,2015-08-01
Cadillac ELR,AUG,45,2015,2015-08-01
Kia Soul EV,AUG,93,2015,2015-08-01
BMW X5 xDrive 40e,AUG,0,2015,2015-08-01
Porsche Panamera S-E,AUG,36,2015,2015-08-01
Tesla Model X,AUG,0,2015,2015-08-01
Porsche 918 Spyder,AUG,22,2015,2015-08-01
Hyundai Sonata PHV,AUG,0,2015,2015-08-01
Mercedes S550 PHV,AUG,10,2015,2015-08-01
Mitsubishi i-MiEV,AUG,6,2015,2015-08-01
Volvo XC90,AUG,4,2015,2015-08-01
Honda Accord PHV,AUG,2,2015,2015-08-01
Audi A3 Sprtbk e-tron,AUG,0,2015,2015-08-01
Other,AUG,0,2015,2015-08-01
Tesla Model S,SEP,2500,2015,2015-09-01
Nissan LEAF,SEP,1247,2015,2015-09-01
Chevrolet Volt,SEP,949,2015,2015-09-01
BMW i3,SEP,1710,2015,2015-09-01
Ford Fusion Energi,SEP,808,2015,2015-09-01
Ford C-Max Energi,SEP,719,2015,2015-09-01
Fiat 500e,SEP,635,2015,2015-09-01
VW e-Golf,SEP,343,2015,2015-09-01
Toyota Prius PHV,SEP,216,2015,2015-09-01
Chevrolet Spark EV,SEP,157,2015,2015-09-01
BMW i8,SEP,182,2015,2015-09-01
Mercedes B-Class ED,SEP,147,2015,2015-09-01
Ford Focus Electric,SEP,145,2015,2015-09-01
smart ED,SEP,94,2015,2015-09-01
Porsche Cayenne S-E,SEP,70,2015,2015-09-01
Cadillac ELR,SEP,36,2015,2015-09-01
Kia Soul EV,SEP,105,2015,2015-09-01
BMW X5 xDrive 40e,SEP,0,2015,2015-09-01
Porsche Panamera S-E,SEP,41,2015,2015-09-01
Tesla Model X,SEP,6,2015,2015-09-01
Porsche 918 Spyder,SEP,4,2015,2015-09-01
Hyundai Sonata PHV,SEP,0,2015,2015-09-01
Mercedes S550 PHV,SEP,17,2015,2015-09-01
Mitsubishi i-MiEV,SEP,3,2015,2015-09-01
Volvo XC90,SEP,0,2015,2015-09-01
Honda Accord PHV,SEP,0,2015,2015-09-01
Audi A3 Sprtbk e-tron,SEP,0,2015,2015-09-01
Other,SEP,0,2015,2015-09-01
Tesla Model S,OCT,1900,2015,2015-10-01
Nissan LEAF,OCT,1238,2015,2015-10-01
Chevrolet Volt,OCT,2035,2015,2015-10-01
BMW i3,OCT,986,2015,2015-10-01
Ford Fusion Energi,OCT,849,2015,2015-10-01
Ford C-Max Energi,OCT,695,2015,2015-10-01
Fiat 500e,OCT,425,2015,2015-10-01
VW e-Golf,OCT,596,2015,2015-10-01
Toyota Prius PHV,OCT,91,2015,2015-10-01
Chevrolet Spark EV,OCT,177,2015,2015-10-01
BMW i8,OCT,149,2015,2015-10-01
Mercedes B-Class ED,OCT,81,2015,2015-10-01
Ford Focus Electric,OCT,126,2015,2015-10-01
smart ED,OCT,75,2015,2015-10-01
Porsche Cayenne S-E,OCT,125,2015,2015-10-01
Cadillac ELR,OCT,82,2015,2015-10-01
Kia Soul EV,OCT,109,2015,2015-10-01
BMW X5 xDrive 40e,OCT,118,2015,2015-10-01
Porsche Panamera S-E,OCT,28,2015,2015-10-01
Tesla Model X,OCT,4,2015,2015-10-01
Porsche 918 Spyder,OCT,0,2015,2015-10-01
Hyundai Sonata PHV,OCT,0,2015,2015-10-01
Mercedes S550 PHV,OCT,25,2015,2015-10-01
Mitsubishi i-MiEV,OCT,9,2015,2015-10-01
Volvo XC90,OCT,1,2015,2015-10-01
Honda Accord PHV,OCT,0,2015,2015-10-01
Audi A3 Sprtbk e-tron,OCT,0,2015,2015-10-01
Other,OCT,2,2015,2015-10-01
Tesla Model S,NOV,2702,2015,2015-11-01
Nissan LEAF,NOV,1054,2015,2015-11-01
Chevrolet Volt,NOV,1980,2015,2015-11-01
BMW i3,NOV,723,2015,2015-11-01
Ford Fusion Energi,NOV,944,2015,2015-11-01
Ford C-Max Energi,NOV,639,2015,2015-11-01
Fiat 500e,NOV,390,2015,2015-11-01
VW e-Golf,NOV,472,2015,2015-11-01
Toyota Prius PHV,NOV,44,2015,2015-11-01
Chevrolet Spark EV,NOV,166,2015,2015-11-01
BMW i8,NOV,188,2015,2015-11-01
Mercedes B-Class ED,NOV,41,2015,2015-11-01
Ford Focus Electric,NOV,93,2015,2015-11-01
smart ED,NOV,178,2015,2015-11-01
Porsche Cayenne S-E,NOV,121,2015,2015-11-01
Cadillac ELR,NOV,67,2015,2015-11-01
Kia Soul EV,NOV,83,2015,2015-11-01
BMW X5 xDrive 40e,NOV,167,2015,2015-11-01
Porsche Panamera S-E,NOV,33,2015,2015-11-01
Tesla Model X,NOV,5,2015,2015-11-01
Porsche 918 Spyder,NOV,2,2015,2015-11-01
Hyundai Sonata PHV,NOV,15,2015,2015-11-01
Mercedes S550 PHV,NOV,21,2015,2015-11-01
Mitsubishi i-MiEV,NOV,4,2015,2015-11-01
Volvo XC90,NOV,7,2015,2015-11-01
Honda Accord PHV,NOV,1,2015,2015-11-01
Audi A3 Sprtbk e-tron,NOV,0,2015,2015-11-01
Other,NOV,0,2015,2015-11-01
Tesla Model S,DEC,3600,2015,2015-12-01
Nissan LEAF,DEC,1347,2015,2015-12-01
Chevrolet Volt,DEC,2114,2015,2015-12-01
BMW i3,DEC,1422,2015,2015-12-01
Ford Fusion Energi,DEC,1058,2015,2015-12-01
Ford C-Max Energi,DEC,579,2015,2015-12-01
Fiat 500e,DEC,265,2015,2015-12-01
VW e-Golf,DEC,609,2015,2015-12-01
Toyota Prius PHV,DEC,22,2015,2015-12-01
Chevrolet Spark EV,DEC,152,2015,2015-12-01
BMW i8,DEC,656,2015,2015-12-01
Mercedes B-Class ED,DEC,97,2015,2015-12-01
Ford Focus Electric,DEC,96,2015,2015-12-01
smart ED,DEC,179,2015,2015-12-01
Porsche Cayenne S-E,DEC,137,2015,2015-12-01
Cadillac ELR,DEC,135,2015,2015-12-01
Kia Soul EV,DEC,96,2015,2015-12-01
BMW X5 xDrive 40e,DEC,607,2015,2015-12-01
Porsche Panamera S-E,DEC,16,2015,2015-12-01
Tesla Model X,DEC,199,2015,2015-12-01
Porsche 918 Spyder,DEC,0,2015,2015-12-01
Hyundai Sonata PHV,DEC,145,2015,2015-12-01
Mercedes S550 PHV,DEC,35,2015,2015-12-01
Mitsubishi i-MiEV,DEC,9,2015,2015-12-01
Volvo XC90,DEC,74,2015,2015-12-01
Honda Accord PHV,DEC,1,2015,2015-12-01
Audi A3 Sprtbk e-tron,DEC,49,2015,2015-12-01
Other,DEC,0,2015,2015-12-01
Tesla Model S,JAN,850,2016,2016-01-01
Chevrolet Volt,JAN,996,2016,2016-01-01
Tesla Model X,JAN,270,2016,2016-01-01
Ford Fusion Energi,JAN,581,2016,2016-01-01
Nissan LEAF,JAN,755,2016,2016-01-01
Ford C-Max Energi,JAN,350,2016,2016-01-01
BMW i3,JAN,182,2016,2016-01-01
BMW X5 xDrive 40e,JAN,181,2016,2016-01-01
Fiat 500e,JAN,305,2016,2016-01-01
Audi A3 Sprtbk e-tron,JAN,327,2016,2016-01-01
VW e-Golf,JAN,328,2016,2016-01-01
Hyundai Sonata PHV,JAN,175,2016,2016-01-01
Chevrolet Spark EV,JAN,139,2016,2016-01-01
Toyota Prius Prime,JAN,0,2016,2016-01-01
Porsche Cayenne S-E,JAN,146,2016,2016-01-01
Volvo XC90,JAN,226,2016,2016-01-01
Kia Soul EV,JAN,81,2016,2016-01-01
BMW i8,JAN,32,2016,2016-01-01
Ford Focus Electric,JAN,66,2016,2016-01-01
BMW 330e,JAN,0,2016,2016-01-01
smart ED,JAN,48,2016,2016-01-01
Mercedes B250e,JAN,58,2016,2016-01-01
Chevrolet Bolt EV,JAN,0,2016,2016-01-01
Mercedes S550 PHV,JAN,19,2016,2016-01-01
Cadillac ELR,JAN,67,2016,2016-01-01
Porsche Panamera S-E,JAN,27,2016,2016-01-01
Mercedes S550 PHV,JAN,0,2016,2016-01-01
Mercedes C350e,JAN,0,2016,2016-01-01
Mitsubishi i-MiEV,JAN,2,2016,2016-01-01
Toyota Prius PHV,JAN,10,2016,2016-01-01
BMW 740e,JAN,0,2016,2016-01-01
Other,JAN,0,2016,2016-01-01
Tesla Model S,FEB,1550,2016,2016-02-01
Chevrolet Volt,FEB,1126,2016,2016-02-01
Tesla Model X,FEB,270,2016,2016-02-01
Ford Fusion Energi,FEB,932,2016,2016-02-01
Nissan LEAF,FEB,930,2016,2016-02-01
Ford C-Max Energi,FEB,490,2016,2016-02-01
BMW i3,FEB,248,2016,2016-02-01
BMW X5 xDrive 40e,FEB,345,2016,2016-02-01
Fiat 500e,FEB,210,2016,2016-02-01
Audi A3 Sprtbk e-tron,FEB,243,2016,2016-02-01
VW e-Golf,FEB,198,2016,2016-02-01
Hyundai Sonata PHV,FEB,200,2016,2016-02-01
Chevrolet Spark EV,FEB,216,2016,2016-02-01
Toyota Prius Prime,FEB,0,2016,2016-02-01
Porsche Cayenne S-E,FEB,172,2016,2016-02-01
Volvo XC90,FEB,176,2016,2016-02-01
Kia Soul EV,FEB,60,2016,2016-02-01
BMW i8,FEB,54,2016,2016-02-01
Ford Focus Electric,FEB,81,2016,2016-02-01
BMW 330e,FEB,0,2016,2016-02-01
smart ED,FEB,54,2016,2016-02-01
Mercedes B250e,FEB,37,2016,2016-02-01
Chevrolet Bolt EV,FEB,0,2016,2016-02-01
Mercedes S550 PHV,FEB,36,2016,2016-02-01
Cadillac ELR,FEB,91,2016,2016-02-01
Porsche Panamera S-E,FEB,33,2016,2016-02-01
Mercedes S550 PHV,FEB,0,2016,2016-02-01
Mercedes C350e,FEB,0,2016,2016-02-01
Mitsubishi i-MiEV,FEB,5,2016,2016-02-01
Toyota Prius PHV,FEB,6,2016,2016-02-01
BMW 740e,FEB,0,2016,2016-02-01
Other,FEB,0,2016,2016-02-01
Tesla Model S,MAR,3990,2016,2016-03-01
Chevrolet Volt,MAR,1865,2016,2016-03-01
Tesla Model X,MAR,1860,2016,2016-03-01
Ford Fusion Energi,MAR,1238,2016,2016-03-01
Nissan LEAF,MAR,1246,2016,2016-03-01
Ford C-Max Energi,MAR,610,2016,2016-03-01
BMW i3,MAR,332,2016,2016-03-01
BMW X5 xDrive 40e,MAR,313,2016,2016-03-01
Fiat 500e,MAR,455,2016,2016-03-01
Audi A3 Sprtbk e-tron,MAR,332,2016,2016-03-01
VW e-Golf,MAR,86,2016,2016-03-01
Hyundai Sonata PHV,MAR,275,2016,2016-03-01
Chevrolet Spark EV,MAR,252,2016,2016-03-01
Toyota Prius Prime,MAR,0,2016,2016-03-01
Porsche Cayenne S-E,MAR,244,2016,2016-03-01
Volvo XC90,MAR,178,2016,2016-03-01
Kia Soul EV,MAR,79,2016,2016-03-01
BMW i8,MAR,89,2016,2016-03-01
Ford Focus Electric,MAR,110,2016,2016-03-01
BMW 330e,MAR,19,2016,2016-03-01
smart ED,MAR,70,2016,2016-03-01
Mercedes B250e,MAR,66,2016,2016-03-01
Chevrolet Bolt EV,MAR,0,2016,2016-03-01
Mercedes S550 PHV,MAR,12,2016,2016-03-01
Cadillac ELR,MAR,104,2016,2016-03-01
Porsche Panamera S-E,MAR,23,2016,2016-03-01
Mercedes S550 PHV,MAR,0,2016,2016-03-01
Mercedes C350e,MAR,0,2016,2016-03-01
Mitsubishi i-MiEV,MAR,1,2016,2016-03-01
Toyota Prius PHV,MAR,7,2016,2016-03-01
BMW 740e,MAR,0,2016,2016-03-01
Other,MAR,1,2016,2016-03-01
Tesla Model S,APR,800,2016,2016-04-01
Chevrolet Volt,APR,1983,2016,2016-04-01
Tesla Model X,APR,795,2016,2016-04-01
Ford Fusion Energi,APR,1331,2016,2016-04-01
Nissan LEAF,APR,787,2016,2016-04-01
Ford C-Max Energi,APR,607,2016,2016-04-01
BMW i3,APR,814,2016,2016-04-01
BMW X5 xDrive 40e,APR,655,2016,2016-04-01
Fiat 500e,APR,395,2016,2016-04-01
Audi A3 Sprtbk e-tron,APR,326,2016,2016-04-01
VW e-Golf,APR,326,2016,2016-04-01
Hyundai Sonata PHV,APR,250,2016,2016-04-01
Chevrolet Spark EV,APR,419,2016,2016-04-01
Toyota Prius Prime,APR,0,2016,2016-04-01
Porsche Cayenne S-E,APR,237,2016,2016-04-01
Volvo XC90,APR,150,2016,2016-04-01
Kia Soul EV,APR,139,2016,2016-04-01
BMW i8,APR,130,2016,2016-04-01
Ford Focus Electric,APR,81,2016,2016-04-01
BMW 330e,APR,25,2016,2016-04-01
smart ED,APR,66,2016,2016-04-01
Mercedes B250e,APR,56,2016,2016-04-01
Chevrolet Bolt EV,APR,0,2016,2016-04-01
Mercedes S550 PHV,APR,29,2016,2016-04-01
Cadillac ELR,APR,95,2016,2016-04-01
Porsche Panamera S-E,APR,25,2016,2016-04-01
Mercedes S550 PHV,APR,0,2016,2016-04-01
Mercedes C350e,APR,0,2016,2016-04-01
Mitsubishi i-MiEV,APR,6,2016,2016-04-01
Toyota Prius PHV,APR,4,2016,2016-04-01
BMW 740e,APR,0,2016,2016-04-01
Other,APR,0,2016,2016-04-01
Tesla Model S,MAY,1200,2016,2016-05-01
Chevrolet Volt,MAY,1901,2016,2016-05-01
Tesla Model X,MAY,1600,2016,2016-05-01
Ford Fusion Energi,MAY,1453,2016,2016-05-01
Nissan LEAF,MAY,979,2016,2016-05-01
Ford C-Max Energi,MAY,538,2016,2016-05-01
BMW i3,MAY,696,2016,2016-05-01
BMW X5 xDrive 40e,MAY,500,2016,2016-05-01
Fiat 500e,MAY,425,2016,2016-05-01
Audi A3 Sprtbk e-tron,MAY,361,2016,2016-05-01
VW e-Golf,MAY,269,2016,2016-05-01
Hyundai Sonata PHV,MAY,235,2016,2016-05-01
Chevrolet Spark EV,MAY,394,2016,2016-05-01
Toyota Prius Prime,MAY,0,2016,2016-05-01
Porsche Cayenne S-E,MAY,191,2016,2016-05-01
Volvo XC90,MAY,110,2016,2016-05-01
Kia Soul EV,MAY,120,2016,2016-05-01
BMW i8,MAY,146,2016,2016-05-01
Ford Focus Electric,MAY,54,2016,2016-05-01
BMW 330e,MAY,67,2016,2016-05-01
smart ED,MAY,75,2016,2016-05-01
Mercedes B250e,MAY,49,2016,2016-05-01
Chevrolet Bolt EV,MAY,0,2016,2016-05-01
Mercedes S550 PHV,MAY,27,2016,2016-05-01
Cadillac ELR,MAY,45,2016,2016-05-01
Porsche Panamera S-E,MAY,26,2016,2016-05-01
Mercedes S550 PHV,MAY,0,2016,2016-05-01
Mercedes C350e,MAY,0,2016,2016-05-01
Mitsubishi i-MiEV,MAY,2,2016,2016-05-01
Toyota Prius PHV,MAY,4,2016,2016-05-01
BMW 740e,MAY,0,2016,2016-05-01
Other,MAY,0,2016,2016-05-01
Tesla Model S,JUN,3700,2016,2016-06-01
Chevrolet Volt,JUN,1937,2016,2016-06-01
Tesla Model X,JUN,2145,2016,2016-06-01
Ford Fusion Energi,JUN,1700,2016,2016-06-01
Nissan LEAF,JUN,1096,2016,2016-06-01
Ford C-Max Energi,JUN,630,2016,2016-06-01
BMW i3,JUN,608,2016,2016-06-01
BMW X5 xDrive 40e,JUN,583,2016,2016-06-01
Fiat 500e,JUN,280,2016,2016-06-01
Audi A3 Sprtbk e-tron,JUN,353,2016,2016-06-01
VW e-Golf,JUN,248,2016,2016-06-01
Hyundai Sonata PHV,JUN,225,2016,2016-06-01
Chevrolet Spark EV,JUN,359,2016,2016-06-01
Toyota Prius Prime,JUN,0,2016,2016-06-01
Porsche Cayenne S-E,JUN,176,2016,2016-06-01
Volvo XC90,JUN,166,2016,2016-06-01
Kia Soul EV,JUN,134,2016,2016-06-01
BMW i8,JUN,169,2016,2016-06-01
Ford Focus Electric,JUN,54,2016,2016-06-01
BMW 330e,JUN,26,2016,2016-06-01
smart ED,JUN,53,2016,2016-06-01
Mercedes B250e,JUN,44,2016,2016-06-01
Chevrolet Bolt EV,JUN,0,2016,2016-06-01
Mercedes S550 PHV,JUN,27,2016,2016-06-01
Cadillac ELR,JUN,94,2016,2016-06-01
Porsche Panamera S-E,JUN,22,2016,2016-06-01
Mercedes S550 PHV,JUN,19,2016,2016-06-01
Mercedes C350e,JUN,0,2016,2016-06-01
Mitsubishi i-MiEV,JUN,4,2016,2016-06-01
Toyota Prius PHV,JUN,11,2016,2016-06-01
BMW 740e,JUN,0,2016,2016-06-01
Other,JUN,0,2016,2016-06-01
Tesla Model S,JUL,1954,2016,2016-07-01
Chevrolet Volt,JUL,2406,2016,2016-07-01
Tesla Model X,JUL,750,2016,2016-07-01
Ford Fusion Energi,JUL,1341,2016,2016-07-01
Nissan LEAF,JUL,1063,2016,2016-07-01
Ford C-Max Energi,JUL,755,2016,2016-07-01
BMW i3,JUL,1479,2016,2016-07-01
BMW X5 xDrive 40e,JUL,649,2016,2016-07-01
Fiat 500e,JUL,225,2016,2016-07-01
Audi A3 Sprtbk e-tron,JUL,349,2016,2016-07-01
VW e-Golf,JUL,344,2016,2016-07-01
Hyundai Sonata PHV,JUL,375,2016,2016-07-01
Chevrolet Spark EV,JUL,333,2016,2016-07-01
Toyota Prius Prime,JUL,0,2016,2016-07-01
Porsche Cayenne S-E,JUL,148,2016,2016-07-01
Volvo XC90,JUL,178,2016,2016-07-01
Kia Soul EV,JUL,179,2016,2016-07-01
BMW i8,JUL,166,2016,2016-07-01
Ford Focus Electric,JUL,58,2016,2016-07-01
BMW 330e,JUL,81,2016,2016-07-01
smart ED,JUL,62,2016,2016-07-01
Mercedes B250e,JUL,50,2016,2016-07-01
Chevrolet Bolt EV,JUL,0,2016,2016-07-01
Mercedes S550 PHV,JUL,32,2016,2016-07-01
Cadillac ELR,JUL,15,2016,2016-07-01
Porsche Panamera S-E,JUL,21,2016,2016-07-01
Mercedes S550 PHV,JUL,30,2016,2016-07-01
Mercedes C350e,JUL,0,2016,2016-07-01
Mitsubishi i-MiEV,JUL,20,2016,2016-07-01
Toyota Prius PHV,JUL,4,2016,2016-07-01
BMW 740e,JUL,0,2016,2016-07-01
Other,JUL,0,2016,2016-07-01
Tesla Model S,AUG,2852,2016,2016-08-01
Chevrolet Volt,AUG,2081,2016,2016-08-01
Tesla Model X,AUG,1833,2016,2016-08-01
Ford Fusion Energi,AUG,1422,2016,2016-08-01
Nissan LEAF,AUG,1066,2016,2016-08-01
Ford C-Max Energi,AUG,707,2016,2016-08-01
BMW i3,AUG,1013,2016,2016-08-01
BMW X5 xDrive 40e,AUG,876,2016,2016-08-01
Fiat 500e,AUG,360,2016,2016-08-01
Audi A3 Sprtbk e-tron,AUG,346,2016,2016-08-01
VW e-Golf,AUG,454,2016,2016-08-01
Hyundai Sonata PHV,AUG,235,2016,2016-08-01
Chevrolet Spark EV,AUG,292,2016,2016-08-01
Toyota Prius Prime,AUG,0,2016,2016-08-01
Porsche Cayenne S-E,AUG,197,2016,2016-08-01
Volvo XC90,AUG,176,2016,2016-08-01
Kia Soul EV,AUG,153,2016,2016-08-01
BMW i8,AUG,145,2016,2016-08-01
Ford Focus Electric,AUG,75,2016,2016-08-01
BMW 330e,AUG,51,2016,2016-08-01
smart ED,AUG,55,2016,2016-08-01
Mercedes B250e,AUG,57,2016,2016-08-01
Chevrolet Bolt EV,AUG,0,2016,2016-08-01
Mercedes S550 PHV,AUG,30,2016,2016-08-01
Cadillac ELR,AUG,6,2016,2016-08-01
Porsche Panamera S-E,AUG,59,2016,2016-08-01
Mercedes S550 PHV,AUG,24,2016,2016-08-01
Mercedes C350e,AUG,0,2016,2016-08-01
Mitsubishi i-MiEV,AUG,25,2016,2016-08-01
Toyota Prius PHV,AUG,2,2016,2016-08-01
BMW 740e,AUG,0,2016,2016-08-01
Other,AUG,0,2016,2016-08-01
Tesla Model S,SEP,4350,2016,2016-09-01
Chevrolet Volt,SEP,2031,2016,2016-09-01
Tesla Model X,SEP,3200,2016,2016-09-01
Ford Fusion Energi,SEP,1652,2016,2016-09-01
Nissan LEAF,SEP,1316,2016,2016-09-01
Ford C-Max Energi,SEP,689,2016,2016-09-01
BMW i3,SEP,391,2016,2016-09-01
BMW X5 xDrive 40e,SEP,482,2016,2016-09-01
Fiat 500e,SEP,690,2016,2016-09-01
Audi A3 Sprtbk e-tron,SEP,312,2016,2016-09-01
VW e-Golf,SEP,529,2016,2016-09-01
Hyundai Sonata PHV,SEP,260,2016,2016-09-01
Chevrolet Spark EV,SEP,315,2016,2016-09-01
Toyota Prius Prime,SEP,0,2016,2016-09-01
Porsche Cayenne S-E,SEP,131,2016,2016-09-01
Volvo XC90,SEP,148,2016,2016-09-01
Kia Soul EV,SEP,217,2016,2016-09-01
BMW i8,SEP,158,2016,2016-09-01
Ford Focus Electric,SEP,82,2016,2016-09-01
BMW 330e,SEP,54,2016,2016-09-01
smart ED,SEP,44,2016,2016-09-01
Mercedes B250e,SEP,51,2016,2016-09-01
Chevrolet Bolt EV,SEP,0,2016,2016-09-01
Mercedes S550 PHV,SEP,41,2016,2016-09-01
Cadillac ELR,SEP,6,2016,2016-09-01
Porsche Panamera S-E,SEP,28,2016,2016-09-01
Mercedes S550 PHV,SEP,26,2016,2016-09-01
Mercedes C350e,SEP,0,2016,2016-09-01
Mitsubishi i-MiEV,SEP,17,2016,2016-09-01
Toyota Prius PHV,SEP,4,2016,2016-09-01
BMW 740e,SEP,0,2016,2016-09-01
Other,SEP,0,2016,2016-09-01
Tesla Model S,OCT,700,2016,2016-10-01
Chevrolet Volt,OCT,2191,2016,2016-10-01
Tesla Model X,OCT,725,2016,2016-10-01
Ford Fusion Energi,OCT,1372,2016,2016-10-01
Nissan LEAF,OCT,1412,2016,2016-10-01
Ford C-Max Energi,OCT,571,2016,2016-10-01
BMW i3,OCT,442,2016,2016-10-01
BMW X5 xDrive 40e,OCT,406,2016,2016-10-01
Fiat 500e,OCT,745,2016,2016-10-01
Audi A3 Sprtbk e-tron,OCT,348,2016,2016-10-01
VW e-Golf,OCT,407,2016,2016-10-01
Hyundai Sonata PHV,OCT,255,2016,2016-10-01
Chevrolet Spark EV,OCT,260,2016,2016-10-01
Toyota Prius Prime,OCT,0,2016,2016-10-01
Porsche Cayenne S-E,OCT,138,2016,2016-10-01
Volvo XC90,OCT,142,2016,2016-10-01
Kia Soul EV,OCT,190,2016,2016-10-01
BMW i8,OCT,199,2016,2016-10-01
Ford Focus Electric,OCT,73,2016,2016-10-01
BMW 330e,OCT,92,2016,2016-10-01
smart ED,OCT,43,2016,2016-10-01
Mercedes B250e,OCT,58,2016,2016-10-01
Chevrolet Bolt EV,OCT,0,2016,2016-10-01
Mercedes S550 PHV,OCT,174,2016,2016-10-01
Cadillac ELR,OCT,3,2016,2016-10-01
Porsche Panamera S-E,OCT,38,2016,2016-10-01
Mercedes S550 PHV,OCT,19,2016,2016-10-01
Mercedes C350e,OCT,0,2016,2016-10-01
Mitsubishi i-MiEV,OCT,4,2016,2016-10-01
Toyota Prius PHV,OCT,0,2016,2016-10-01
BMW 740e,OCT,0,2016,2016-10-01
Other,OCT,0,2016,2016-10-01
Tesla Model S,NOV,1100,2016,2016-11-01
Chevrolet Volt,NOV,2531,2016,2016-11-01
Tesla Model X,NOV,900,2016,2016-11-01
Ford Fusion Energi,NOV,1817,2016,2016-11-01
Nissan LEAF,NOV,1457,2016,2016-11-01
Ford C-Max Energi,NOV,721,2016,2016-11-01
BMW i3,NOV,629,2016,2016-11-01
BMW X5 xDrive 40e,NOV,436,2016,2016-11-01
Fiat 500e,NOV,590,2016,2016-11-01
Audi A3 Sprtbk e-tron,NOV,394,2016,2016-11-01
VW e-Golf,NOV,305,2016,2016-11-01
Hyundai Sonata PHV,NOV,285,2016,2016-11-01
Chevrolet Spark EV,NOV,39,2016,2016-11-01
Toyota Prius Prime,NOV,781,2016,2016-11-01
Porsche Cayenne S-E,NOV,179,2016,2016-11-01
Volvo XC90,NOV,161,2016,2016-11-01
Kia Soul EV,NOV,179,2016,2016-11-01
BMW i8,NOV,173,2016,2016-11-01
Ford Focus Electric,NOV,66,2016,2016-11-01
BMW 330e,NOV,215,2016,2016-11-01
smart ED,NOV,47,2016,2016-11-01
Mercedes B250e,NOV,52,2016,2016-11-01
Chevrolet Bolt EV,NOV,0,2016,2016-11-01
Mercedes S550 PHV,NOV,52,2016,2016-11-01
Cadillac ELR,NOV,5,2016,2016-11-01
Porsche Panamera S-E,NOV,88,2016,2016-11-01
Mercedes S550 PHV,NOV,30,2016,2016-11-01
Mercedes C350e,NOV,0,2016,2016-11-01
Mitsubishi i-MiEV,NOV,5,2016,2016-11-01
Toyota Prius PHV,NOV,0,2016,2016-11-01
BMW 740e,NOV,0,2016,2016-11-01
Other,NOV,0,2016,2016-11-01
Tesla Model S,DEC,5850,2016,2016-12-01
Chevrolet Volt,DEC,3691,2016,2016-12-01
Tesla Model X,DEC,3875,2016,2016-12-01
Ford Fusion Energi,DEC,1099,2016,2016-12-01
Nissan LEAF,DEC,1899,2016,2016-12-01
Ford C-Max Energi,DEC,1289,2016,2016-12-01
BMW i3,DEC,791,2016,2016-12-01
BMW X5 xDrive 40e,DEC,569,2016,2016-12-01
Fiat 500e,DEC,650,2016,2016-12-01
Audi A3 Sprtbk e-tron,DEC,589,2016,2016-12-01
VW e-Golf,DEC,443,2016,2016-12-01
Hyundai Sonata PHV,DEC,325,2016,2016-12-01
Chevrolet Spark EV,DEC,17,2016,2016-12-01
Toyota Prius Prime,DEC,1641,2016,2016-12-01
Porsche Cayenne S-E,DEC,152,2016,2016-12-01
Volvo XC90,DEC,204,2016,2016-12-01
Kia Soul EV,DEC,197,2016,2016-12-01
BMW i8,DEC,133,2016,2016-12-01
Ford Focus Electric,DEC,101,2016,2016-12-01
BMW 330e,DEC,240,2016,2016-12-01
smart ED,DEC,40,2016,2016-12-01
Mercedes B250e,DEC,54,2016,2016-12-01
Chevrolet Bolt EV,DEC,579,2016,2016-12-01
Mercedes S550 PHV,DEC,71,2016,2016-12-01
Cadillac ELR,DEC,3,2016,2016-12-01
Porsche Panamera S-E,DEC,3,2016,2016-12-01
Mercedes S550 PHV,DEC,83,2016,2016-12-01
Mercedes C350e,DEC,171,2016,2016-12-01
Mitsubishi i-MiEV,DEC,3,2016,2016-12-01
Toyota Prius PHV,DEC,0,2016,2016-12-01
BMW 740e,DEC,23,2016,2016-12-01
Other,DEC,0,2016,2016-12-01
Tesla Model S,JAN,900,2017,2017-01-01
Chevrolet Bolt EV,JAN,1162,2017,2017-01-01
Tesla Model X,JAN,750,2017,2017-01-01
Toyota Prius Prime,JAN,1366,2017,2017-01-01
Chevrolet Volt,JAN,1611,2017,2017-01-01
Nissan LEAF,JAN,772,2017,2017-01-01
Ford Fusion Energi,JAN,606,2017,2017-01-01
Ford C-Max Energi,JAN,473,2017,2017-01-01
BMW i3 (BEV + REx),JAN,382,2017,2017-01-01
Fiat 500e,JAN,752,2017,2017-01-01
BMWX5 xDrive 40e,JAN,262,2017,2017-01-01
Chrysler Pacifica Hybrid,JAN,12,2017,2017-01-01
BMW 330e,JAN,129,2017,2017-01-01
BMW 530e,JAN,0,2017,2017-01-01
Volkswagen e-Golf,JAN,332,2017,2017-01-01
Audi A3 Sportback e-tron,JAN,387,2017,2017-01-01
Hyundai Sonata PHEV,JAN,190,2017,2017-01-01
Volvo XC90 T8 PHEV,JAN,96,2017,2017-01-01
Kia Soul EV,JAN,117,2017,2017-01-01
Ford Focus Electric,JAN,56,2017,2017-01-01
Tesla Model 3,JAN,0,2017,2017-01-01
Porsche Cayenne S-E,JAN,177,2017,2017-01-01
Kia Optima PHEV,JAN,10,2017,2017-01-01
Honda Clarity BEV,JAN,0,2017,2017-01-01
Honda Clarity PHEV,JAN,0,2017,2017-01-01
Mercedes C350e,JAN,210,2017,2017-01-01
Mercedes B250e,JAN,53,2017,2017-01-01
BMW 740e,JAN,18,2017,2017-01-01
Mercedes S550e,JAN,55,2017,2017-01-01
smart ED,JAN,15,2017,2017-01-01
Volvo XC60 PHEV,JAN,0,2017,2017-01-01
BMW i8,JAN,50,2017,2017-01-01
Mini Countryman SE PHEV,JAN,0,2017,2017-01-01
Mercedes GLE 550e,JAN,52,2017,2017-01-01
Hyundai IONIQ EV,JAN,0,2017,2017-01-01
Cadillac CT6 PHEV,JAN,0,2017,2017-01-01
Volvo S90 T8 PHEV,JAN,0,2017,2017-01-01
Mitsubishi Outlander PHEV,JAN,0,2017,2017-01-01
Chevrolet Spark EV,JAN,4,2017,2017-01-01
Porsche Panamera E-Hybrid,JAN,2,2017,2017-01-01
Cadillac ELR,JAN,3,2017,2017-01-01
Mitsubishi i-MiEV,JAN,1,2017,2017-01-01
Tesla Model S,FEB,1750,2017,2017-02-01
Chevrolet Bolt EV,FEB,952,2017,2017-02-01
Tesla Model X,FEB,800,2017,2017-02-01
Toyota Prius Prime,FEB,1362,2017,2017-02-01
Chevrolet Volt,FEB,1820,2017,2017-02-01
Nissan LEAF,FEB,1037,2017,2017-02-01
Ford Fusion Energi,FEB,837,2017,2017-02-01
Ford C-Max Energi,FEB,639,2017,2017-02-01
BMW i3 (BEV + REx),FEB,318,2017,2017-02-01
Fiat 500e,FEB,590,2017,2017-02-01
BMWX5 xDrive 40e,FEB,275,2017,2017-02-01
Chrysler Pacifica Hybrid,FEB,0,2017,2017-02-01
BMW 330e,FEB,144,2017,2017-02-01
BMW 530e,FEB,0,2017,2017-02-01
Volkswagen e-Golf,FEB,293,2017,2017-02-01
Audi A3 Sportback e-tron,FEB,400,2017,2017-02-01
Hyundai Sonata PHEV,FEB,175,2017,2017-02-01
Volvo XC90 T8 PHEV,FEB,83,2017,2017-02-01
Kia Soul EV,FEB,152,2017,2017-02-01
Ford Focus Electric,FEB,228,2017,2017-02-01
Tesla Model 3,FEB,0,2017,2017-02-01
Porsche Cayenne S-E,FEB,121,2017,2017-02-01
Kia Optima PHEV,FEB,61,2017,2017-02-01
Honda Clarity BEV,FEB,0,2017,2017-02-01
Honda Clarity PHEV,FEB,0,2017,2017-02-01
Mercedes C350e,FEB,51,2017,2017-02-01
Mercedes B250e,FEB,56,2017,2017-02-01
BMW 740e,FEB,35,2017,2017-02-01
Mercedes S550e,FEB,51,2017,2017-02-01
smart ED,FEB,22,2017,2017-02-01
Volvo XC60 PHEV,FEB,0,2017,2017-02-01
BMW i8,FEB,58,2017,2017-02-01
Mini Countryman SE PHEV,FEB,0,2017,2017-02-01
Mercedes GLE 550e,FEB,59,2017,2017-02-01
Hyundai IONIQ EV,FEB,0,2017,2017-02-01
Cadillac CT6 PHEV,FEB,0,2017,2017-02-01
Volvo S90 T8 PHEV,FEB,0,2017,2017-02-01
Mitsubishi Outlander PHEV,FEB,0,2017,2017-02-01
Chevrolet Spark EV,FEB,4,2017,2017-02-01
Porsche Panamera E-Hybrid,FEB,1,2017,2017-02-01
Cadillac ELR,FEB,0,2017,2017-02-01
Mitsubishi i-MiEV,FEB,3,2017,2017-02-01
Tesla Model S,MAR,3450,2017,2017-03-01
Chevrolet Bolt EV,MAR,978,2017,2017-03-01
Tesla Model X,MAR,2750,2017,2017-03-01
Toyota Prius Prime,MAR,1618,2017,2017-03-01
Chevrolet Volt,MAR,2132,2017,2017-03-01
Nissan LEAF,MAR,1478,2017,2017-03-01
Ford Fusion Energi,MAR,1002,2017,2017-03-01
Ford C-Max Energi,MAR,662,2017,2017-03-01
BMW i3 (BEV + REx),MAR,703,2017,2017-03-01
Fiat 500e,MAR,785,2017,2017-03-01
BMWX5 xDrive 40e,MAR,397,2017,2017-03-01
Chrysler Pacifica Hybrid,MAR,0,2017,2017-03-01
BMW 330e,MAR,365,2017,2017-03-01
BMW 530e,MAR,0,2017,2017-03-01
Volkswagen e-Golf,MAR,342,2017,2017-03-01
Audi A3 Sportback e-tron,MAR,414,2017,2017-03-01
Hyundai Sonata PHEV,MAR,295,2017,2017-03-01
Volvo XC90 T8 PHEV,MAR,103,2017,2017-03-01
Kia Soul EV,MAR,171,2017,2017-03-01
Ford Focus Electric,MAR,407,2017,2017-03-01
Tesla Model 3,MAR,0,2017,2017-03-01
Porsche Cayenne S-E,MAR,126,2017,2017-03-01
Kia Optima PHEV,MAR,70,2017,2017-03-01
Honda Clarity BEV,MAR,0,2017,2017-03-01
Honda Clarity PHEV,MAR,0,2017,2017-03-01
Mercedes C350e,MAR,17,2017,2017-03-01
Mercedes B250e,MAR,50,2017,2017-03-01
BMW 740e,MAR,42,2017,2017-03-01
Mercedes S550e,MAR,60,2017,2017-03-01
smart ED,MAR,13,2017,2017-03-01
Volvo XC60 PHEV,MAR,0,2017,2017-03-01
BMW i8,MAR,49,2017,2017-03-01
Mini Countryman SE PHEV,MAR,0,2017,2017-03-01
Mercedes GLE 550e,MAR,47,2017,2017-03-01
Hyundai IONIQ EV,MAR,5,2017,2017-03-01
Cadillac CT6 PHEV,MAR,0,2017,2017-03-01
Volvo S90 T8 PHEV,MAR,0,2017,2017-03-01
Mitsubishi Outlander PHEV,MAR,0,2017,2017-03-01
Chevrolet Spark EV,MAR,3,2017,2017-03-01
Porsche Panamera E-Hybrid,MAR,3,2017,2017-03-01
Cadillac ELR,MAR,2,2017,2017-03-01
Mitsubishi i-MiEV,MAR,2,2017,2017-03-01
Tesla Model S,APR,1125,2017,2017-04-01
Chevrolet Bolt EV,APR,1292,2017,2017-04-01
Tesla Model X,APR,715,2017,2017-04-01
Toyota Prius Prime,APR,1819,2017,2017-04-01
Chevrolet Volt,APR,1807,2017,2017-04-01
Nissan LEAF,APR,1063,2017,2017-04-01
Ford Fusion Energi,APR,905,2017,2017-04-01
Ford C-Max Energi,APR,720,2017,2017-04-01
BMW i3 (BEV + REx),APR,516,2017,2017-04-01
Fiat 500e,APR,541,2017,2017-04-01
BMWX5 xDrive 40e,APR,291,2017,2017-04-01
Chrysler Pacifica Hybrid,APR,335,2017,2017-04-01
BMW 330e,APR,260,2017,2017-04-01
BMW 530e,APR,13,2017,2017-04-01
Volkswagen e-Golf,APR,307,2017,2017-04-01
Audi A3 Sportback e-tron,APR,301,2017,2017-04-01
Hyundai Sonata PHEV,APR,280,2017,2017-04-01
Volvo XC90 T8 PHEV,APR,145,2017,2017-04-01
Kia Soul EV,APR,167,2017,2017-04-01
Ford Focus Electric,APR,125,2017,2017-04-01
Tesla Model 3,APR,0,2017,2017-04-01
Porsche Cayenne S-E,APR,185,2017,2017-04-01
Kia Optima PHEV,APR,86,2017,2017-04-01
Honda Clarity BEV,APR,0,2017,2017-04-01
Honda Clarity PHEV,APR,0,2017,2017-04-01
Mercedes C350e,APR,3,2017,2017-04-01
Mercedes B250e,APR,66,2017,2017-04-01
BMW 740e,APR,123,2017,2017-04-01
Mercedes S550e,APR,81,2017,2017-04-01
smart ED,APR,3,2017,2017-04-01
Volvo XC60 PHEV,APR,0,2017,2017-04-01
BMW i8,APR,23,2017,2017-04-01
Mini Countryman SE PHEV,APR,0,2017,2017-04-01
Mercedes GLE 550e,APR,36,2017,2017-04-01
Hyundai IONIQ EV,APR,19,2017,2017-04-01
Cadillac CT6 PHEV,APR,8,2017,2017-04-01
Volvo S90 T8 PHEV,APR,0,2017,2017-04-01
Mitsubishi Outlander PHEV,APR,0,2017,2017-04-01
Chevrolet Spark EV,APR,1,2017,2017-04-01
Porsche Panamera E-Hybrid,APR,2,2017,2017-04-01
Cadillac ELR,APR,2,2017,2017-04-01
Mitsubishi i-MiEV,APR,0,2017,2017-04-01
Tesla Model S,MAY,1620,2017,2017-05-01
Chevrolet Bolt EV,MAY,1566,2017,2017-05-01
Tesla Model X,MAY,1730,2017,2017-05-01
Toyota Prius Prime,MAY,1908,2017,2017-05-01
Chevrolet Volt,MAY,1817,2017,2017-05-01
Nissan LEAF,MAY,1392,2017,2017-05-01
Ford Fusion Energi,MAY,1000,2017,2017-05-01
Ford C-Max Energi,MAY,950,2017,2017-05-01
BMW i3 (BEV + REx),MAY,506,2017,2017-05-01
Fiat 500e,MAY,473,2017,2017-05-01
BMWX5 xDrive 40e,MAY,433,2017,2017-05-01
Chrysler Pacifica Hybrid,MAY,705,2017,2017-05-01
BMW 330e,MAY,475,2017,2017-05-01
BMW 530e,MAY,147,2017,2017-05-01
Volkswagen e-Golf,MAY,381,2017,2017-05-01
Audi A3 Sportback e-tron,MAY,294,2017,2017-05-01
Hyundai Sonata PHEV,MAY,220,2017,2017-05-01
Volvo XC90 T8 PHEV,MAY,146,2017,2017-05-01
Kia Soul EV,MAY,129,2017,2017-05-01
Ford Focus Electric,MAY,132,2017,2017-05-01
Tesla Model 3,MAY,0,2017,2017-05-01
Porsche Cayenne S-E,MAY,174,2017,2017-05-01
Kia Optima PHEV,MAY,85,2017,2017-05-01
Honda Clarity BEV,MAY,0,2017,2017-05-01
Honda Clarity PHEV,MAY,0,2017,2017-05-01
Mercedes C350e,MAY,7,2017,2017-05-01
Mercedes B250e,MAY,46,2017,2017-05-01
BMW 740e,MAY,33,2017,2017-05-01
Mercedes S550e,MAY,83,2017,2017-05-01
smart ED,MAY,1,2017,2017-05-01
Volvo XC60 PHEV,MAY,0,2017,2017-05-01
BMW i8,MAY,18,2017,2017-05-01
Mini Countryman SE PHEV,MAY,0,2017,2017-05-01
Mercedes GLE 550e,MAY,33,2017,2017-05-01
Hyundai IONIQ EV,MAY,75,2017,2017-05-01
Cadillac CT6 PHEV,MAY,16,2017,2017-05-01
Volvo S90 T8 PHEV,MAY,0,2017,2017-05-01
Mitsubishi Outlander PHEV,MAY,0,2017,2017-05-01
Chevrolet Spark EV,MAY,0,2017,2017-05-01
Porsche Panamera E-Hybrid,MAY,1,2017,2017-05-01
Cadillac ELR,MAY,0,2017,2017-05-01
Mitsubishi i-MiEV,MAY,0,2017,2017-05-01
Tesla Model S,JUN,2350,2017,2017-06-01
Chevrolet Bolt EV,JUN,1642,2017,2017-06-01
Tesla Model X,JUN,2200,2017,2017-06-01
Toyota Prius Prime,JUN,1619,2017,2017-06-01
Chevrolet Volt,JUN,1745,2017,2017-06-01
Nissan LEAF,JUN,1506,2017,2017-06-01
Ford Fusion Energi,JUN,707,2017,2017-06-01
Ford C-Max Energi,JUN,936,2017,2017-06-01
BMW i3 (BEV + REx),JUN,567,2017,2017-06-01
Fiat 500e,JUN,359,2017,2017-06-01
BMWX5 xDrive 40e,JUN,488,2017,2017-06-01
Chrysler Pacifica Hybrid,JUN,355,2017,2017-06-01
BMW 330e,JUN,496,2017,2017-06-01
BMW 530e,JUN,239,2017,2017-06-01
Volkswagen e-Golf,JUN,232,2017,2017-06-01
Audi A3 Sportback e-tron,JUN,324,2017,2017-06-01
Hyundai Sonata PHEV,JUN,255,2017,2017-06-01
Volvo XC90 T8 PHEV,JUN,202,2017,2017-06-01
Kia Soul EV,JUN,100,2017,2017-06-01
Ford Focus Electric,JUN,110,2017,2017-06-01
Tesla Model 3,JUN,0,2017,2017-06-01
Porsche Cayenne S-E,JUN,195,2017,2017-06-01
Kia Optima PHEV,JUN,78,2017,2017-06-01
Honda Clarity BEV,JUN,0,2017,2017-06-01
Honda Clarity PHEV,JUN,0,2017,2017-06-01
Mercedes C350e,JUN,0,2017,2017-06-01
Mercedes B250e,JUN,46,2017,2017-06-01
BMW 740e,JUN,52,2017,2017-06-01
Mercedes S550e,JUN,81,2017,2017-06-01
smart ED,JUN,3,2017,2017-06-01
Volvo XC60 PHEV,JUN,0,2017,2017-06-01
BMW i8,JUN,22,2017,2017-06-01
Mini Countryman SE PHEV,JUN,10,2017,2017-06-01
Mercedes GLE 550e,JUN,41,2017,2017-06-01
Hyundai IONIQ EV,JUN,58,2017,2017-06-01
Cadillac CT6 PHEV,JUN,20,2017,2017-06-01
Volvo S90 T8 PHEV,JUN,0,2017,2017-06-01
Mitsubishi Outlander PHEV,JUN,0,2017,2017-06-01
Chevrolet Spark EV,JUN,1,2017,2017-06-01
Porsche Panamera E-Hybrid,JUN,0,2017,2017-06-01
Cadillac ELR,JUN,7,2017,2017-06-01
Mitsubishi i-MiEV,JUN,0,2017,2017-06-01
Tesla Model S,JUL,1425,2017,2017-07-01
Chevrolet Bolt EV,JUL,1971,2017,2017-07-01
Tesla Model X,JUL,1650,2017,2017-07-01
Toyota Prius Prime,JUL,1645,2017,2017-07-01
Chevrolet Volt,JUL,1518,2017,2017-07-01
Nissan LEAF,JUL,1283,2017,2017-07-01
Ford Fusion Energi,JUL,703,2017,2017-07-01
Ford C-Max Energi,JUL,844,2017,2017-07-01
BMW i3 (BEV + REx),JUL,601,2017,2017-07-01
Fiat 500e,JUL,395,2017,2017-07-01
BMWX5 xDrive 40e,JUL,463,2017,2017-07-01
Chrysler Pacifica Hybrid,JUL,125,2017,2017-07-01
BMW 330e,JUL,387,2017,2017-07-01
BMW 530e,JUL,343,2017,2017-07-01
Volkswagen e-Golf,JUL,308,2017,2017-07-01
Audi A3 Sportback e-tron,JUL,218,2017,2017-07-01
Hyundai Sonata PHEV,JUL,205,2017,2017-07-01
Volvo XC90 T8 PHEV,JUL,174,2017,2017-07-01
Kia Soul EV,JUL,145,2017,2017-07-01
Ford Focus Electric,JUL,148,2017,2017-07-01
Tesla Model 3,JUL,30,2017,2017-07-01
Porsche Cayenne S-E,JUL,160,2017,2017-07-01
Kia Optima PHEV,JUL,130,2017,2017-07-01
Honda Clarity BEV,JUL,34,2017,2017-07-01
Honda Clarity PHEV,JUL,0,2017,2017-07-01
Mercedes C350e,JUL,112,2017,2017-07-01
Mercedes B250e,JUL,81,2017,2017-07-01
BMW 740e,JUL,80,2017,2017-07-01
Mercedes S550e,JUL,124,2017,2017-07-01
smart ED,JUL,0,2017,2017-07-01
Volvo XC60 PHEV,JUL,13,2017,2017-07-01
BMW i8,JUL,55,2017,2017-07-01
Mini Countryman SE PHEV,JUL,75,2017,2017-07-01
Mercedes GLE 550e,JUL,27,2017,2017-07-01
Hyundai IONIQ EV,JUL,43,2017,2017-07-01
Cadillac CT6 PHEV,JUL,22,2017,2017-07-01
Volvo S90 T8 PHEV,JUL,0,2017,2017-07-01
Mitsubishi Outlander PHEV,JUL,0,2017,2017-07-01
Chevrolet Spark EV,JUL,1,2017,2017-07-01
Porsche Panamera E-Hybrid,JUL,0,2017,2017-07-01
Cadillac ELR,JUL,2,2017,2017-07-01
Mitsubishi i-MiEV,JUL,0,2017,2017-07-01
Tesla Model S,AUG,2150,2017,2017-08-01
Chevrolet Bolt EV,AUG,2107,2017,2017-08-01
Tesla Model X,AUG,1575,2017,2017-08-01
Toyota Prius Prime,AUG,1820,2017,2017-08-01
Chevrolet Volt,AUG,1445,2017,2017-08-01
Nissan LEAF,AUG,1154,2017,2017-08-01
Ford Fusion Energi,AUG,762,2017,2017-08-01
Ford C-Max Energi,AUG,705,2017,2017-08-01
BMW i3 (BEV + REx),AUG,504,2017,2017-08-01
Fiat 500e,AUG,290,2017,2017-08-01
BMWX5 xDrive 40e,AUG,317,2017,2017-08-01
Chrysler Pacifica Hybrid,AUG,425,2017,2017-08-01
BMW 330e,AUG,409,2017,2017-08-01
BMW 530e,AUG,345,2017,2017-08-01
Volkswagen e-Golf,AUG,317,2017,2017-08-01
Audi A3 Sportback e-tron,AUG,129,2017,2017-08-01
Hyundai Sonata PHEV,AUG,185,2017,2017-08-01
Volvo XC90 T8 PHEV,AUG,265,2017,2017-08-01
Kia Soul EV,AUG,300,2017,2017-08-01
Ford Focus Electric,AUG,131,2017,2017-08-01
Tesla Model 3,AUG,75,2017,2017-08-01
Porsche Cayenne S-E,AUG,178,2017,2017-08-01
Kia Optima PHEV,AUG,182,2017,2017-08-01
Honda Clarity BEV,AUG,15,2017,2017-08-01
Honda Clarity PHEV,AUG,0,2017,2017-08-01
Mercedes C350e,AUG,212,2017,2017-08-01
Mercedes B250e,AUG,58,2017,2017-08-01
BMW 740e,AUG,39,2017,2017-08-01
Mercedes S550e,AUG,32,2017,2017-08-01
smart ED,AUG,94,2017,2017-08-01
Volvo XC60 PHEV,AUG,65,2017,2017-08-01
BMW i8,AUG,29,2017,2017-08-01
Mini Countryman SE PHEV,AUG,86,2017,2017-08-01
Mercedes GLE 550e,AUG,23,2017,2017-08-01
Hyundai IONIQ EV,AUG,66,2017,2017-08-01
Cadillac CT6 PHEV,AUG,23,2017,2017-08-01
Volvo S90 T8 PHEV,AUG,0,2017,2017-08-01
Mitsubishi Outlander PHEV,AUG,0,2017,2017-08-01
Chevrolet Spark EV,AUG,0,2017,2017-08-01
Porsche Panamera E-Hybrid,AUG,1,2017,2017-08-01
Cadillac ELR,AUG,1,2017,2017-08-01
Mitsubishi i-MiEV,AUG,0,2017,2017-08-01
Tesla Model S,SEP,4860,2017,2017-09-01
Chevrolet Bolt EV,SEP,2632,2017,2017-09-01
Tesla Model X,SEP,3120,2017,2017-09-01
Toyota Prius Prime,SEP,1899,2017,2017-09-01
Chevrolet Volt,SEP,1453,2017,2017-09-01
Nissan LEAF,SEP,1055,2017,2017-09-01
Ford Fusion Energi,SEP,763,2017,2017-09-01
Ford C-Max Energi,SEP,683,2017,2017-09-01
BMW i3 (BEV + REx),SEP,538,2017,2017-09-01
Fiat 500e,SEP,285,2017,2017-09-01
BMWX5 xDrive 40e,SEP,333,2017,2017-09-01
Chrysler Pacifica Hybrid,SEP,475,2017,2017-09-01
BMW 330e,SEP,329,2017,2017-09-01
BMW 530e,SEP,511,2017,2017-09-01
Volkswagen e-Golf,SEP,187,2017,2017-09-01
Audi A3 Sportback e-tron,SEP,85,2017,2017-09-01
Hyundai Sonata PHEV,SEP,190,2017,2017-09-01
Volvo XC90 T8 PHEV,SEP,236,2017,2017-09-01
Kia Soul EV,SEP,255,2017,2017-09-01
Ford Focus Electric,SEP,131,2017,2017-09-01
Tesla Model 3,SEP,117,2017,2017-09-01
Porsche Cayenne S-E,SEP,124,2017,2017-09-01
Kia Optima PHEV,SEP,228,2017,2017-09-01
Honda Clarity BEV,SEP,52,2017,2017-09-01
Honda Clarity PHEV,SEP,0,2017,2017-09-01
Mercedes C350e,SEP,126,2017,2017-09-01
Mercedes B250e,SEP,87,2017,2017-09-01
BMW 740e,SEP,43,2017,2017-09-01
Mercedes S550e,SEP,35,2017,2017-09-01
smart ED,SEP,123,2017,2017-09-01
Volvo XC60 PHEV,SEP,97,2017,2017-09-01
BMW i8,SEP,27,2017,2017-09-01
Mini Countryman SE PHEV,SEP,80,2017,2017-09-01
Mercedes GLE 550e,SEP,14,2017,2017-09-01
Hyundai IONIQ EV,SEP,36,2017,2017-09-01
Cadillac CT6 PHEV,SEP,27,2017,2017-09-01
Volvo S90 T8 PHEV,SEP,5,2017,2017-09-01
Mitsubishi Outlander PHEV,SEP,0,2017,2017-09-01
Chevrolet Spark EV,SEP,0,2017,2017-09-01
Porsche Panamera E-Hybrid,SEP,1,2017,2017-09-01
Cadillac ELR,SEP,0,2017,2017-09-01
Mitsubishi i-MiEV,SEP,0,2017,2017-09-01
Tesla Model S,OCT,1120,2017,2017-10-01
Chevrolet Bolt EV,OCT,2781,2017,2017-10-01
Tesla Model X,OCT,850,2017,2017-10-01
Toyota Prius Prime,OCT,1626,2017,2017-10-01
Chevrolet Volt,OCT,1362,2017,2017-10-01
Nissan LEAF,OCT,213,2017,2017-10-01
Ford Fusion Energi,OCT,741,2017,2017-10-01
Ford C-Max Energi,OCT,569,2017,2017-10-01
BMW i3 (BEV + REx),OCT,686,2017,2017-10-01
Fiat 500e,OCT,310,2017,2017-10-01
BMWX5 xDrive 40e,OCT,329,2017,2017-10-01
Chrysler Pacifica Hybrid,OCT,875,2017,2017-10-01
BMW 330e,OCT,307,2017,2017-10-01
BMW 530e,OCT,596,2017,2017-10-01
Volkswagen e-Golf,OCT,203,2017,2017-10-01
Audi A3 Sportback e-tron,OCT,17,2017,2017-10-01
Hyundai Sonata PHEV,OCT,210,2017,2017-10-01
Volvo XC90 T8 PHEV,OCT,174,2017,2017-10-01
Kia Soul EV,OCT,210,2017,2017-10-01
Ford Focus Electric,OCT,115,2017,2017-10-01
Tesla Model 3,OCT,145,2017,2017-10-01
Porsche Cayenne S-E,OCT,73,2017,2017-10-01
Kia Optima PHEV,OCT,235,2017,2017-10-01
Honda Clarity BEV,OCT,34,2017,2017-10-01
Honda Clarity PHEV,OCT,0,2017,2017-10-01
Mercedes C350e,OCT,49,2017,2017-10-01
Mercedes B250e,OCT,59,2017,2017-10-01
BMW 740e,OCT,55,2017,2017-10-01
Mercedes S550e,OCT,16,2017,2017-10-01
smart ED,OCT,73,2017,2017-10-01
Volvo XC60 PHEV,OCT,100,2017,2017-10-01
BMW i8,OCT,33,2017,2017-10-01
Mini Countryman SE PHEV,OCT,56,2017,2017-10-01
Mercedes GLE 550e,OCT,8,2017,2017-10-01
Hyundai IONIQ EV,OCT,28,2017,2017-10-01
Cadillac CT6 PHEV,OCT,27,2017,2017-10-01
Volvo S90 T8 PHEV,OCT,28,2017,2017-10-01
Mitsubishi Outlander PHEV,OCT,0,2017,2017-10-01
Chevrolet Spark EV,OCT,0,2017,2017-10-01
Porsche Panamera E-Hybrid,OCT,2,2017,2017-10-01
Cadillac ELR,OCT,0,2017,2017-10-01
Mitsubishi i-MiEV,OCT,0,2017,2017-10-01
Tesla Model S,NOV,1335,2017,2017-11-01
Chevrolet Bolt EV,NOV,2987,2017,2017-11-01
Tesla Model X,NOV,1875,2017,2017-11-01
Toyota Prius Prime,NOV,1834,2017,2017-11-01
Chevrolet Volt,NOV,1702,2017,2017-11-01
Nissan LEAF,NOV,175,2017,2017-11-01
Ford Fusion Energi,NOV,731,2017,2017-11-01
Ford C-Max Energi,NOV,523,2017,2017-11-01
BMW i3 (BEV + REx),NOV,283,2017,2017-11-01
Fiat 500e,NOV,215,2017,2017-11-01
BMWX5 xDrive 40e,NOV,929,2017,2017-11-01
Chrysler Pacifica Hybrid,NOV,570,2017,2017-11-01
BMW 330e,NOV,477,2017,2017-11-01
BMW 530e,NOV,872,2017,2017-11-01
Volkswagen e-Golf,NOV,289,2017,2017-11-01
Audi A3 Sportback e-tron,NOV,38,2017,2017-11-01
Hyundai Sonata PHEV,NOV,135,2017,2017-11-01
Volvo XC90 T8 PHEV,NOV,204,2017,2017-11-01
Kia Soul EV,NOV,207,2017,2017-11-01
Ford Focus Electric,NOV,121,2017,2017-11-01
Tesla Model 3,NOV,337,2017,2017-11-01
Porsche Cayenne S-E,NOV,38,2017,2017-11-01
Kia Optima PHEV,NOV,213,2017,2017-11-01
Honda Clarity BEV,NOV,459,2017,2017-11-01
Honda Clarity PHEV,NOV,5,2017,2017-11-01
Mercedes C350e,NOV,16,2017,2017-11-01
Mercedes B250e,NOV,31,2017,2017-11-01
BMW 740e,NOV,120,2017,2017-11-01
Mercedes S550e,NOV,22,2017,2017-11-01
smart ED,NOV,68,2017,2017-11-01
Volvo XC60 PHEV,NOV,82,2017,2017-11-01
BMW i8,NOV,44,2017,2017-11-01
Mini Countryman SE PHEV,NOV,96,2017,2017-11-01
Mercedes GLE 550e,NOV,41,2017,2017-11-01
Hyundai IONIQ EV,NOV,23,2017,2017-11-01
Cadillac CT6 PHEV,NOV,29,2017,2017-11-01
Volvo S90 T8 PHEV,NOV,32,2017,2017-11-01
Mitsubishi Outlander PHEV,NOV,0,2017,2017-11-01
Chevrolet Spark EV,NOV,7,2017,2017-11-01
Porsche Panamera E-Hybrid,NOV,5,2017,2017-11-01
Cadillac ELR,NOV,0,2017,2017-11-01
Mitsubishi i-MiEV,NOV,0,2017,2017-11-01
Tesla Model S,DEC,4975,2017,2017-12-01
Chevrolet Bolt EV,DEC,3227,2017,2017-12-01
Tesla Model X,DEC,3300,2017,2017-12-01
Toyota Prius Prime,DEC,2420,2017,2017-12-01
Chevrolet Volt,DEC,1937,2017,2017-12-01
Nissan LEAF,DEC,102,2017,2017-12-01
Ford Fusion Energi,DEC,875,2017,2017-12-01
Ford C-Max Energi,DEC,436,2017,2017-12-01
BMW i3 (BEV + REx),DEC,672,2017,2017-12-01
Fiat 500e,DEC,385,2017,2017-12-01
BMWX5 xDrive 40e,DEC,832,2017,2017-12-01
Chrysler Pacifica Hybrid,DEC,720,2017,2017-12-01
BMW 330e,DEC,363,2017,2017-12-01
BMW 530e,DEC,706,2017,2017-12-01
Volkswagen e-Golf,DEC,343,2017,2017-12-01
Audi A3 Sportback e-tron,DEC,270,2017,2017-12-01
Hyundai Sonata PHEV,DEC,195,2017,2017-12-01
Volvo XC90 T8 PHEV,DEC,368,2017,2017-12-01
Kia Soul EV,DEC,204,2017,2017-12-01
Ford Focus Electric,DEC,113,2017,2017-12-01
Tesla Model 3,DEC,1060,2017,2017-12-01
Porsche Cayenne S-E,DEC,23,2017,2017-12-01
Kia Optima PHEV,DEC,134,2017,2017-12-01
Honda Clarity BEV,DEC,527,2017,2017-12-01
Honda Clarity PHEV,DEC,898,2017,2017-12-01
Mercedes C350e,DEC,14,2017,2017-12-01
Mercedes B250e,DEC,111,2017,2017-12-01
BMW 740e,DEC,67,2017,2017-12-01
Mercedes S550e,DEC,26,2017,2017-12-01
smart ED,DEC,129,2017,2017-12-01
Volvo XC60 PHEV,DEC,174,2017,2017-12-01
BMW i8,DEC,80,2017,2017-12-01
Mini Countryman SE PHEV,DEC,72,2017,2017-12-01
Mercedes GLE 550e,DEC,82,2017,2017-12-01
Hyundai IONIQ EV,DEC,79,2017,2017-12-01
Cadillac CT6 PHEV,DEC,35,2017,2017-12-01
Volvo S90 T8 PHEV,DEC,52,2017,2017-12-01
Mitsubishi Outlander PHEV,DEC,99,2017,2017-12-01
Chevrolet Spark EV,DEC,2,2017,2017-12-01
Porsche Panamera E-Hybrid,DEC,0,2017,2017-12-01
Cadillac ELR,DEC,0,2017,2017-12-01
Mitsubishi i-MiEV,DEC,0,2017,2017-12-01
Tesla Model 3,JAN,1875,2018,2018-01-01
Toyota Prius Prime,JAN,1496,2018,2018-01-01
Tesla Model S,JAN,800,2018,2018-01-01
Tesla Model X,JAN,700,2018,2018-01-01
Chevrolet Volt,JAN,713,2018,2018-01-01
Chevrolet Bolt EV,JAN,1177,2018,2018-01-01
Honda Clarity PHEV,JAN,594,2018,2018-01-01
Nissan LEAF,JAN,150,2018,2018-01-01
BMW 530e,JAN,224,2018,2018-01-01
Ford Fusion Energi,JAN,640,2018,2018-01-01
Chrysler Pacifica Hybrid,JAN,375,2018,2018-01-01
BMW i3,JAN,382,2018,2018-01-01
BMWX5 xDrive 40e,JAN,261,2018,2018-01-01
Mitsubishi Outlander PHEV,JAN,300,2018,2018-01-01
Kia Niro PHEV,JAN,155,2018,2018-01-01
Audi A3 Sportback e-tron,JAN,145,2018,2018-01-01
Fiat 500e,JAN,210,2018,2018-01-01
Volvo XC60 PHEV,JAN,109,2018,2018-01-01
BMW 330e,JAN,101,2018,2018-01-01
Porsche Panamera E-Hybrid,JAN,1,2018,2018-01-01
Mercedes C350e,JAN,29,2018,2018-01-01
Hyundai IONIQ PHEV,JAN,22,2018,2018-01-01
Mini Countryman SE PHEV,JAN,127,2018,2018-01-01
Volvo XC90 T8 PHEV,JAN,99,2018,2018-01-01
Volkswagen e-Golf,JAN,178,2018,2018-01-01
smart ED,JAN,84,2018,2018-01-01
Kia Soul EV,JAN,115,2018,2018-01-01
Honda Clarity BEV,JAN,203,2018,2018-01-01
Porsche Cayenne S-E,JAN,113,2018,2018-01-01
Kia Optima PHEV,JAN,86,2018,2018-01-01
Mercedes GLE 550e,JAN,44,2018,2018-01-01
BMW i8,JAN,32,2018,2018-01-01
Ford C-Max Energi,JAN,234,2018,2018-01-01
Ford Focus Electric,JAN,70,2018,2018-01-01
Hyundai Sonata PHEV,JAN,52,2018,2018-01-01
Mercedes GLC 350e,JAN,NA,2018,2018-01-01
Volvo S90 T8 PHEV,JAN,27,2018,2018-01-01
Hyundai IONIQ EV,JAN,49,2018,2018-01-01
BMW 740e,JAN,18,2018,2018-01-01
Cadillac CT6 PHEV,JAN,6,2018,2018-01-01
Jaguar I-Pace,JAN,0,2018,2018-01-01
Mercedes B250e,JAN,40,2018,2018-01-01
Mercedes S550e,JAN,13,2018,2018-01-01
Tesla Model 3,FEB,2485,2018,2018-02-01
Toyota Prius Prime,FEB,2050,2018,2018-02-01
Tesla Model S,FEB,1125,2018,2018-02-01
Tesla Model X,FEB,975,2018,2018-02-01
Chevrolet Volt,FEB,983,2018,2018-02-01
Chevrolet Bolt EV,FEB,1424,2018,2018-02-01
Honda Clarity PHEV,FEB,881,2018,2018-02-01
Nissan LEAF,FEB,895,2018,2018-02-01
BMW 530e,FEB,413,2018,2018-02-01
Ford Fusion Energi,FEB,794,2018,2018-02-01
Chrysler Pacifica Hybrid,FEB,450,2018,2018-02-01
BMW i3,FEB,623,2018,2018-02-01
BMWX5 xDrive 40e,FEB,596,2018,2018-02-01
Mitsubishi Outlander PHEV,FEB,323,2018,2018-02-01
Kia Niro PHEV,FEB,246,2018,2018-02-01
Audi A3 Sportback e-tron,FEB,199,2018,2018-02-01
Fiat 500e,FEB,235,2018,2018-02-01
Volvo XC60 PHEV,FEB,155,2018,2018-02-01
BMW 330e,FEB,142,2018,2018-02-01
Porsche Panamera E-Hybrid,FEB,2,2018,2018-02-01
Mercedes C350e,FEB,172,2018,2018-02-01
Hyundai IONIQ PHEV,FEB,178,2018,2018-02-01
Mini Countryman SE PHEV,FEB,100,2018,2018-02-01
Volvo XC90 T8 PHEV,FEB,106,2018,2018-02-01
Volkswagen e-Golf,FEB,198,2018,2018-02-01
smart ED,FEB,90,2018,2018-02-01
Kia Soul EV,FEB,163,2018,2018-02-01
Honda Clarity BEV,FEB,104,2018,2018-02-01
Porsche Cayenne S-E,FEB,121,2018,2018-02-01
Kia Optima PHEV,FEB,103,2018,2018-02-01
Mercedes GLE 550e,FEB,70,2018,2018-02-01
BMW i8,FEB,39,2018,2018-02-01
Ford C-Max Energi,FEB,142,2018,2018-02-01
Ford Focus Electric,FEB,73,2018,2018-02-01
Hyundai Sonata PHEV,FEB,54,2018,2018-02-01
Mercedes GLC 350e,FEB,5,2018,2018-02-01
Volvo S90 T8 PHEV,FEB,29,2018,2018-02-01
Hyundai IONIQ EV,FEB,3,2018,2018-02-01
BMW 740e,FEB,23,2018,2018-02-01
Cadillac CT6 PHEV,FEB,24,2018,2018-02-01
Jaguar I-Pace,FEB,0,2018,2018-02-01
Mercedes B250e,FEB,49,2018,2018-02-01
Mercedes S550e,FEB,3,2018,2018-02-01
Tesla Model 3,MAR,3820,2018,2018-03-01
Toyota Prius Prime,MAR,2922,2018,2018-03-01
Tesla Model S,MAR,3375,2018,2018-03-01
Tesla Model X,MAR,2825,2018,2018-03-01
Chevrolet Volt,MAR,1782,2018,2018-03-01
Chevrolet Bolt EV,MAR,1774,2018,2018-03-01
Honda Clarity PHEV,MAR,1061,2018,2018-03-01
Nissan LEAF,MAR,1500,2018,2018-03-01
BMW 530e,MAR,689,2018,2018-03-01
Ford Fusion Energi,MAR,782,2018,2018-03-01
Chrysler Pacifica Hybrid,MAR,480,2018,2018-03-01
BMW i3,MAR,992,2018,2018-03-01
BMWX5 xDrive 40e,MAR,627,2018,2018-03-01
Mitsubishi Outlander PHEV,MAR,373,2018,2018-03-01
Kia Niro PHEV,MAR,227,2018,2018-03-01
Audi A3 Sportback e-tron,MAR,214,2018,2018-03-01
Fiat 500e,MAR,285,2018,2018-03-01
Volvo XC60 PHEV,MAR,167,2018,2018-03-01
BMW 330e,MAR,202,2018,2018-03-01
Porsche Panamera E-Hybrid,MAR,49,2018,2018-03-01
Mercedes C350e,MAR,208,2018,2018-03-01
Hyundai IONIQ PHEV,MAR,218,2018,2018-03-01
Mini Countryman SE PHEV,MAR,74,2018,2018-03-01
Volvo XC90 T8 PHEV,MAR,93,2018,2018-03-01
Volkswagen e-Golf,MAR,164,2018,2018-03-01
smart ED,MAR,103,2018,2018-03-01
Kia Soul EV,MAR,157,2018,2018-03-01
Honda Clarity BEV,MAR,48,2018,2018-03-01
Porsche Cayenne S-E,MAR,197,2018,2018-03-01
Kia Optima PHEV,MAR,156,2018,2018-03-01
Mercedes GLE 550e,MAR,181,2018,2018-03-01
BMW i8,MAR,47,2018,2018-03-01
Ford C-Max Energi,MAR,105,2018,2018-03-01
Ford Focus Electric,MAR,137,2018,2018-03-01
Hyundai Sonata PHEV,MAR,78,2018,2018-03-01
Mercedes GLC 350e,MAR,57,2018,2018-03-01
Volvo S90 T8 PHEV,MAR,52,2018,2018-03-01
Hyundai IONIQ EV,MAR,60,2018,2018-03-01
BMW 740e,MAR,31,2018,2018-03-01
Cadillac CT6 PHEV,MAR,17,2018,2018-03-01
Jaguar I-Pace,MAR,0,2018,2018-03-01
Mercedes B250e,MAR,33,2018,2018-03-01
Mercedes S550e,MAR,11,2018,2018-03-01
Tesla Model 3,APR,3750,2018,2018-04-01
Toyota Prius Prime,APR,2626,2018,2018-04-01
Tesla Model S,APR,1250,2018,2018-04-01
Tesla Model X,APR,1025,2018,2018-04-01
Chevrolet Volt,APR,1325,2018,2018-04-01
Chevrolet Bolt EV,APR,1275,2018,2018-04-01
Honda Clarity PHEV,APR,1049,2018,2018-04-01
Nissan LEAF,APR,1171,2018,2018-04-01
BMW 530e,APR,518,2018,2018-04-01
Ford Fusion Energi,APR,742,2018,2018-04-01
Chrysler Pacifica Hybrid,APR,425,2018,2018-04-01
BMW i3,APR,503,2018,2018-04-01
BMWX5 xDrive 40e,APR,563,2018,2018-04-01
Mitsubishi Outlander PHEV,APR,273,2018,2018-04-01
Kia Niro PHEV,APR,120,2018,2018-04-01
Audi A3 Sportback e-tron,APR,189,2018,2018-04-01
Fiat 500e,APR,215,2018,2018-04-01
Volvo XC60 PHEV,APR,141,2018,2018-04-01
BMW 330e,APR,166,2018,2018-04-01
Porsche Panamera E-Hybrid,APR,336,2018,2018-04-01
Mercedes C350e,APR,158,2018,2018-04-01
Hyundai IONIQ PHEV,APR,180,2018,2018-04-01
Mini Countryman SE PHEV,APR,106,2018,2018-04-01
Volvo XC90 T8 PHEV,APR,90,2018,2018-04-01
Volkswagen e-Golf,APR,128,2018,2018-04-01
smart ED,APR,80,2018,2018-04-01
Kia Soul EV,APR,152,2018,2018-04-01
Honda Clarity BEV,APR,52,2018,2018-04-01
Porsche Cayenne S-E,APR,265,2018,2018-04-01
Kia Optima PHEV,APR,142,2018,2018-04-01
Mercedes GLE 550e,APR,93,2018,2018-04-01
BMW i8,APR,57,2018,2018-04-01
Ford C-Max Energi,APR,57,2018,2018-04-01
Ford Focus Electric,APR,83,2018,2018-04-01
Hyundai Sonata PHEV,APR,38,2018,2018-04-01
Mercedes GLC 350e,APR,59,2018,2018-04-01
Volvo S90 T8 PHEV,APR,29,2018,2018-04-01
Hyundai IONIQ EV,APR,7,2018,2018-04-01
BMW 740e,APR,60,2018,2018-04-01
Cadillac CT6 PHEV,APR,42,2018,2018-04-01
Jaguar I-Pace,APR,0,2018,2018-04-01
Mercedes B250e,APR,7,2018,2018-04-01
Mercedes S550e,APR,9,2018,2018-04-01
Tesla Model 3,MAY,6000,2018,2018-05-01
Toyota Prius Prime,MAY,2924,2018,2018-05-01
Tesla Model S,MAY,1520,2018,2018-05-01
Tesla Model X,MAY,1450,2018,2018-05-01
Chevrolet Volt,MAY,1675,2018,2018-05-01
Chevrolet Bolt EV,MAY,1125,2018,2018-05-01
Honda Clarity PHEV,MAY,1639,2018,2018-05-01
Nissan LEAF,MAY,1576,2018,2018-05-01
BMW 530e,MAY,729,2018,2018-05-01
Ford Fusion Energi,MAY,740,2018,2018-05-01
Chrysler Pacifica Hybrid,MAY,650,2018,2018-05-01
BMW i3,MAY,424,2018,2018-05-01
BMWX5 xDrive 40e,MAY,499,2018,2018-05-01
Mitsubishi Outlander PHEV,MAY,297,2018,2018-05-01
Kia Niro PHEV,MAY,218,2018,2018-05-01
Audi A3 Sportback e-tron,MAY,267,2018,2018-05-01
Fiat 500e,MAY,250,2018,2018-05-01
Volvo XC60 PHEV,MAY,214,2018,2018-05-01
BMW 330e,MAY,150,2018,2018-05-01
Porsche Panamera E-Hybrid,MAY,275,2018,2018-05-01
Mercedes C350e,MAY,166,2018,2018-05-01
Hyundai IONIQ PHEV,MAY,217,2018,2018-05-01
Mini Countryman SE PHEV,MAY,163,2018,2018-05-01
Volvo XC90 T8 PHEV,MAY,126,2018,2018-05-01
Volkswagen e-Golf,MAY,76,2018,2018-05-01
smart ED,MAY,110,2018,2018-05-01
Kia Soul EV,MAY,133,2018,2018-05-01
Honda Clarity BEV,MAY,37,2018,2018-05-01
Porsche Cayenne S-E,MAY,59,2018,2018-05-01
Kia Optima PHEV,MAY,98,2018,2018-05-01
Mercedes GLE 550e,MAY,83,2018,2018-05-01
BMW i8,MAY,64,2018,2018-05-01
Ford C-Max Energi,MAY,18,2018,2018-05-01
Ford Focus Electric,MAY,88,2018,2018-05-01
Hyundai Sonata PHEV,MAY,67,2018,2018-05-01
Mercedes GLC 350e,MAY,64,2018,2018-05-01
Volvo S90 T8 PHEV,MAY,30,2018,2018-05-01
Hyundai IONIQ EV,MAY,32,2018,2018-05-01
BMW 740e,MAY,17,2018,2018-05-01
Cadillac CT6 PHEV,MAY,30,2018,2018-05-01
Jaguar I-Pace,MAY,0,2018,2018-05-01
Mercedes B250e,MAY,3,2018,2018-05-01
Mercedes S550e,MAY,7,2018,2018-05-01
Tesla Model 3,JUN,5902,2018,2018-06-01
Toyota Prius Prime,JUN,2237,2018,2018-06-01
Tesla Model S,JUN,2750,2018,2018-06-01
Tesla Model X,JUN,2550,2018,2018-06-01
Chevrolet Volt,JUN,1336,2018,2018-06-01
Chevrolet Bolt EV,JUN,1083,2018,2018-06-01
Honda Clarity PHEV,JUN,1445,2018,2018-06-01
Nissan LEAF,JUN,1367,2018,2018-06-01
BMW 530e,JUN,942,2018,2018-06-01
Ford Fusion Energi,JUN,604,2018,2018-06-01
Chrysler Pacifica Hybrid,JUN,710,2018,2018-06-01
BMW i3,JUN,580,2018,2018-06-01
BMWX5 xDrive 40e,JUN,321,2018,2018-06-01
Mitsubishi Outlander PHEV,JUN,390,2018,2018-06-01
Kia Niro PHEV,JUN,281,2018,2018-06-01
Audi A3 Sportback e-tron,JUN,238,2018,2018-06-01
Fiat 500e,JUN,225,2018,2018-06-01
Volvo XC60 PHEV,JUN,226,2018,2018-06-01
BMW 330e,JUN,138,2018,2018-06-01
Porsche Panamera E-Hybrid,JUN,168,2018,2018-06-01
Mercedes C350e,JUN,176,2018,2018-06-01
Hyundai IONIQ PHEV,JUN,143,2018,2018-06-01
Mini Countryman SE PHEV,JUN,211,2018,2018-06-01
Volvo XC90 T8 PHEV,JUN,133,2018,2018-06-01
Volkswagen e-Golf,JUN,32,2018,2018-06-01
smart ED,JUN,126,2018,2018-06-01
Kia Soul EV,JUN,57,2018,2018-06-01
Honda Clarity BEV,JUN,126,2018,2018-06-01
Porsche Cayenne S-E,JUN,12,2018,2018-06-01
Kia Optima PHEV,JUN,83,2018,2018-06-01
Mercedes GLE 550e,JUN,75,2018,2018-06-01
BMW i8,JUN,45,2018,2018-06-01
Ford C-Max Energi,JUN,6,2018,2018-06-01
Ford Focus Electric,JUN,50,2018,2018-06-01
Hyundai Sonata PHEV,JUN,62,2018,2018-06-01
Mercedes GLC 350e,JUN,66,2018,2018-06-01
Volvo S90 T8 PHEV,JUN,35,2018,2018-06-01
Hyundai IONIQ EV,JUN,47,2018,2018-06-01
BMW 740e,JUN,16,2018,2018-06-01
Cadillac CT6 PHEV,JUN,18,2018,2018-06-01
Jaguar I-Pace,JUN,0,2018,2018-06-01
Mercedes B250e,JUN,0,2018,2018-06-01
Mercedes S550e,JUN,7,2018,2018-06-01
Tesla Model 3,JUL,14250,2018,2018-07-01
Toyota Prius Prime,JUL,1984,2018,2018-07-01
Tesla Model S,JUL,1200,2018,2018-07-01
Tesla Model X,JUL,1325,2018,2018-07-01
Chevrolet Volt,JUL,1475,2018,2018-07-01
Chevrolet Bolt EV,JUL,1175,2018,2018-07-01
Honda Clarity PHEV,JUL,1440,2018,2018-07-01
Nissan LEAF,JUL,1149,2018,2018-07-01
BMW 530e,JUL,536,2018,2018-07-01
Ford Fusion Energi,JUL,522,2018,2018-07-01
Chrysler Pacifica Hybrid,JUL,450,2018,2018-07-01
BMW i3,JUL,464,2018,2018-07-01
BMWX5 xDrive 40e,JUL,431,2018,2018-07-01
Mitsubishi Outlander PHEV,JUL,350,2018,2018-07-01
Kia Niro PHEV,JUL,225,2018,2018-07-01
Audi A3 Sportback e-tron,JUL,220,2018,2018-07-01
Fiat 500e,JUL,220,2018,2018-07-01
Volvo XC60 PHEV,JUL,185,2018,2018-07-01
BMW 330e,JUL,106,2018,2018-07-01
Porsche Panamera E-Hybrid,JUL,195,2018,2018-07-01
Mercedes C350e,JUL,165,2018,2018-07-01
Hyundai IONIQ PHEV,JUL,180,2018,2018-07-01
Mini Countryman SE PHEV,JUL,210,2018,2018-07-01
Volvo XC90 T8 PHEV,JUL,115,2018,2018-07-01
Volkswagen e-Golf,JUL,18,2018,2018-07-01
smart ED,JUL,103,2018,2018-07-01
Kia Soul EV,JUL,130,2018,2018-07-01
Honda Clarity BEV,JUL,120,2018,2018-07-01
Porsche Cayenne S-E,JUL,15,2018,2018-07-01
Kia Optima PHEV,JUL,90,2018,2018-07-01
Mercedes GLE 550e,JUL,85,2018,2018-07-01
BMW i8,JUL,72,2018,2018-07-01
Ford C-Max Energi,JUL,4,2018,2018-07-01
Ford Focus Electric,JUL,46,2018,2018-07-01
Hyundai Sonata PHEV,JUL,60,2018,2018-07-01
Mercedes GLC 350e,JUL,60,2018,2018-07-01
Volvo S90 T8 PHEV,JUL,30,2018,2018-07-01
Hyundai IONIQ EV,JUL,35,2018,2018-07-01
BMW 740e,JUL,40,2018,2018-07-01
Cadillac CT6 PHEV,JUL,26,2018,2018-07-01
Jaguar I-Pace,JUL,0,2018,2018-07-01
Mercedes B250e,JUL,0,2018,2018-07-01
Mercedes S550e,JUL,8,2018,2018-07-01
Tesla Model 3,AUG,17800,2018,2018-08-01
Toyota Prius Prime,AUG,2071,2018,2018-08-01
Tesla Model S,AUG,2625,2018,2018-08-01
Tesla Model X,AUG,2750,2018,2018-08-01
Chevrolet Volt,AUG,1825,2018,2018-08-01
Chevrolet Bolt EV,AUG,1225,2018,2018-08-01
Honda Clarity PHEV,AUG,1495,2018,2018-08-01
Nissan LEAF,AUG,1315,2018,2018-08-01
BMW 530e,AUG,749,2018,2018-08-01
Ford Fusion Energi,AUG,396,2018,2018-08-01
Chrysler Pacifica Hybrid,AUG,654,2018,2018-08-01
BMW i3,AUG,418,2018,2018-08-01
BMWX5 xDrive 40e,AUG,264,2018,2018-08-01
Mitsubishi Outlander PHEV,AUG,366,2018,2018-08-01
Kia Niro PHEV,AUG,346,2018,2018-08-01
Audi A3 Sportback e-tron,AUG,240,2018,2018-08-01
Fiat 500e,AUG,75,2018,2018-08-01
Volvo XC60 PHEV,AUG,210,2018,2018-08-01
BMW 330e,AUG,192,2018,2018-08-01
Porsche Panamera E-Hybrid,AUG,200,2018,2018-08-01
Mercedes C350e,AUG,170,2018,2018-08-01
Hyundai IONIQ PHEV,AUG,43,2018,2018-08-01
Mini Countryman SE PHEV,AUG,128,2018,2018-08-01
Volvo XC90 T8 PHEV,AUG,125,2018,2018-08-01
Volkswagen e-Golf,AUG,32,2018,2018-08-01
smart ED,AUG,108,2018,2018-08-01
Kia Soul EV,AUG,33,2018,2018-08-01
Honda Clarity BEV,AUG,75,2018,2018-08-01
Porsche Cayenne S-E,AUG,45,2018,2018-08-01
Kia Optima PHEV,AUG,39,2018,2018-08-01
Mercedes GLE 550e,AUG,90,2018,2018-08-01
BMW i8,AUG,67,2018,2018-08-01
Ford C-Max Energi,AUG,4,2018,2018-08-01
Ford Focus Electric,AUG,7,2018,2018-08-01
Hyundai Sonata PHEV,AUG,20,2018,2018-08-01
Mercedes GLC 350e,AUG,65,2018,2018-08-01
Volvo S90 T8 PHEV,AUG,40,2018,2018-08-01
Hyundai IONIQ EV,AUG,21,2018,2018-08-01
BMW 740e,AUG,18,2018,2018-08-01
Cadillac CT6 PHEV,AUG,23,2018,2018-08-01
Jaguar I-Pace,AUG,0,2018,2018-08-01
Mercedes B250e,AUG,1,2018,2018-08-01
Mercedes S550e,AUG,10,2018,2018-08-01
Tesla Model 3,SEP,22250,2018,2018-09-01
Toyota Prius Prime,SEP,2213,2018,2018-09-01
Tesla Model S,SEP,3750,2018,2018-09-01
Tesla Model X,SEP,3975,2018,2018-09-01
Chevrolet Volt,SEP,2129,2018,2018-09-01
Chevrolet Bolt EV,SEP,1549,2018,2018-09-01
Honda Clarity PHEV,SEP,2028,2018,2018-09-01
Nissan LEAF,SEP,1563,2018,2018-09-01
BMW 530e,SEP,756,2018,2018-09-01
Ford Fusion Energi,SEP,480,2018,2018-09-01
Chrysler Pacifica Hybrid,SEP,637,2018,2018-09-01
BMW i3,SEP,461,2018,2018-09-01
BMWX5 xDrive 40e,SEP,225,2018,2018-09-01
Mitsubishi Outlander PHEV,SEP,378,2018,2018-09-01
Kia Niro PHEV,SEP,313,2018,2018-09-01
Audi A3 Sportback e-tron,SEP,230,2018,2018-09-01
Fiat 500e,SEP,94,2018,2018-09-01
Volvo XC60 PHEV,SEP,215,2018,2018-09-01
BMW 330e,SEP,195,2018,2018-09-01
Porsche Panamera E-Hybrid,SEP,210,2018,2018-09-01
Mercedes C350e,SEP,82,2018,2018-09-01
Hyundai IONIQ PHEV,SEP,11,2018,2018-09-01
Mini Countryman SE PHEV,SEP,140,2018,2018-09-01
Volvo XC90 T8 PHEV,SEP,120,2018,2018-09-01
Volkswagen e-Golf,SEP,14,2018,2018-09-01
smart ED,SEP,98,2018,2018-09-01
Kia Soul EV,SEP,18,2018,2018-09-01
Honda Clarity BEV,SEP,122,2018,2018-09-01
Porsche Cayenne S-E,SEP,60,2018,2018-09-01
Kia Optima PHEV,SEP,17,2018,2018-09-01
Mercedes GLE 550e,SEP,42,2018,2018-09-01
BMW i8,SEP,55,2018,2018-09-01
Ford C-Max Energi,SEP,12,2018,2018-09-01
Ford Focus Electric,SEP,4,2018,2018-09-01
Hyundai Sonata PHEV,SEP,15,2018,2018-09-01
Mercedes GLC 350e,SEP,27,2018,2018-09-01
Volvo S90 T8 PHEV,SEP,45,2018,2018-09-01
Hyundai IONIQ EV,SEP,12,2018,2018-09-01
BMW 740e,SEP,25,2018,2018-09-01
Cadillac CT6 PHEV,SEP,11,2018,2018-09-01
Jaguar I-Pace,SEP,0,2018,2018-09-01
Mercedes B250e,SEP,0,2018,2018-09-01
Mercedes S550e,SEP,8,2018,2018-09-01
Tesla Model 3,OCT,17750,2018,2018-10-01
Toyota Prius Prime,OCT,2001,2018,2018-10-01
Tesla Model S,OCT,1350,2018,2018-10-01
Tesla Model X,OCT,1225,2018,2018-10-01
Chevrolet Volt,OCT,1475,2018,2018-10-01
Chevrolet Bolt EV,OCT,2075,2018,2018-10-01
Honda Clarity PHEV,OCT,1935,2018,2018-10-01
Nissan LEAF,OCT,1234,2018,2018-10-01
BMW 530e,OCT,733,2018,2018-10-01
Ford Fusion Energi,OCT,453,2018,2018-10-01
Chrysler Pacifica Hybrid,OCT,623,2018,2018-10-01
BMW i3,OCT,424,2018,2018-10-01
BMWX5 xDrive 40e,OCT,224,2018,2018-10-01
Mitsubishi Outlander PHEV,OCT,309,2018,2018-10-01
Kia Niro PHEV,OCT,323,2018,2018-10-01
Audi A3 Sportback e-tron,OCT,210,2018,2018-10-01
Fiat 500e,OCT,100,2018,2018-10-01
Volvo XC60 PHEV,OCT,180,2018,2018-10-01
BMW 330e,OCT,229,2018,2018-10-01
Porsche Panamera E-Hybrid,OCT,170,2018,2018-10-01
Mercedes C350e,OCT,75,2018,2018-10-01
Hyundai IONIQ PHEV,OCT,128,2018,2018-10-01
Mini Countryman SE PHEV,OCT,117,2018,2018-10-01
Volvo XC90 T8 PHEV,OCT,100,2018,2018-10-01
Volkswagen e-Golf,OCT,62,2018,2018-10-01
smart ED,OCT,95,2018,2018-10-01
Kia Soul EV,OCT,61,2018,2018-10-01
Honda Clarity BEV,OCT,116,2018,2018-10-01
Porsche Cayenne S-E,OCT,25,2018,2018-10-01
Kia Optima PHEV,OCT,51,2018,2018-10-01
Mercedes GLE 550e,OCT,28,2018,2018-10-01
BMW i8,OCT,64,2018,2018-10-01
Ford C-Max Energi,OCT,0,2018,2018-10-01
Ford Focus Electric,OCT,0,2018,2018-10-01
Hyundai Sonata PHEV,OCT,5,2018,2018-10-01
Mercedes GLC 350e,OCT,20,2018,2018-10-01
Volvo S90 T8 PHEV,OCT,35,2018,2018-10-01
Hyundai IONIQ EV,OCT,21,2018,2018-10-01
BMW 740e,OCT,45,2018,2018-10-01
Cadillac CT6 PHEV,OCT,12,2018,2018-10-01
Jaguar I-Pace,OCT,5,2018,2018-10-01
Mercedes B250e,OCT,1,2018,2018-10-01
Mercedes S550e,OCT,5,2018,2018-10-01
Tesla Model 3,NOV,18650,2018,2018-11-01
Toyota Prius Prime,NOV,2312,2018,2018-11-01
Tesla Model S,NOV,2750,2018,2018-11-01
Tesla Model X,NOV,3200,2018,2018-11-01
Chevrolet Volt,NOV,3930,2018,2018-11-01
Chevrolet Bolt EV,NOV,3025,2018,2018-11-01
Honda Clarity PHEV,NOV,1857,2018,2018-11-01
Nissan LEAF,NOV,1128,2018,2018-11-01
BMW 530e,NOV,1012,2018,2018-11-01
Ford Fusion Energi,NOV,1131,2018,2018-11-01
Chrysler Pacifica Hybrid,NOV,895,2018,2018-11-01
BMW i3,NOV,490,2018,2018-11-01
BMWX5 xDrive 40e,NOV,213,2018,2018-11-01
Mitsubishi Outlander PHEV,NOV,376,2018,2018-11-01
Kia Niro PHEV,NOV,619,2018,2018-11-01
Audi A3 Sportback e-tron,NOV,180,2018,2018-11-01
Fiat 500e,NOV,148,2018,2018-11-01
Volvo XC60 PHEV,NOV,225,2018,2018-11-01
BMW 330e,NOV,373,2018,2018-11-01
Porsche Panamera E-Hybrid,NOV,200,2018,2018-11-01
Mercedes C350e,NOV,80,2018,2018-11-01
Hyundai IONIQ PHEV,NOV,136,2018,2018-11-01
Mini Countryman SE PHEV,NOV,74,2018,2018-11-01
Volvo XC90 T8 PHEV,NOV,130,2018,2018-11-01
Volkswagen e-Golf,NOV,230,2018,2018-11-01
smart ED,NOV,100,2018,2018-11-01
Kia Soul EV,NOV,61,2018,2018-11-01
Honda Clarity BEV,NOV,37,2018,2018-11-01
Porsche Cayenne S-E,NOV,35,2018,2018-11-01
Kia Optima PHEV,NOV,79,2018,2018-11-01
Mercedes GLE 550e,NOV,35,2018,2018-11-01
BMW i8,NOV,133,2018,2018-11-01
Ford C-Max Energi,NOV,0,2018,2018-11-01
Ford Focus Electric,NOV,1,2018,2018-11-01
Hyundai Sonata PHEV,NOV,5,2018,2018-11-01
Mercedes GLC 350e,NOV,24,2018,2018-11-01
Volvo S90 T8 PHEV,NOV,40,2018,2018-11-01
Hyundai IONIQ EV,NOV,34,2018,2018-11-01
BMW 740e,NOV,18,2018,2018-11-01
Cadillac CT6 PHEV,NOV,13,2018,2018-11-01
Jaguar I-Pace,NOV,165,2018,2018-11-01
Mercedes B250e,NOV,0,2018,2018-11-01
Mercedes S550e,NOV,4,2018,2018-11-01
